{
"type": "FeatureCollection",
"name": "leg_kc",
"crs": { "type": "name", "properties": { "name": "urn:ogc:def:crs:OGC:1.3:CRS84" } },
"features": [
{ "type": "Feature", "properties": { "Name": "1st LD", "DISTRICT": "1" }, "geometry": { "type": "MultiPolygon", "coordinates": [ [ [ [ -122.269138, 47.714124 ], [ -122.262323, 47.704308 ], [ -122.250325, 47.711818 ], [ -122.23816, 47.711677 ], [ -122.234793, 47.718867 ], [ -122.225451, 47.719415 ], [ -122.225421, 47.720521 ], [ -122.221114, 47.720421 ], [ -122.221108, 47.721619 ], [ -122.217909, 47.723277 ], [ -122.215136, 47.724833 ], [ -122.207807, 47.726168 ], [ -122.207846, 47.733008 ], [ -122.188038, 47.733045 ], [ -122.186518, 47.740356 ], [ -122.175363, 47.737014 ], [ -122.175542, 47.734363 ], [ -122.163796, 47.733125 ], [ -122.163893, 47.730186 ], [ -122.159333, 47.729703 ], [ -122.159015, 47.725795 ], [ -122.156625, 47.725767 ], [ -122.155966, 47.723954 ], [ -122.153254, 47.723923 ], [ -122.152158, 47.725736 ], [ -122.149226, 47.726521 ], [ -122.148796, 47.732866 ], [ -122.143803, 47.733282 ], [ -122.142081, 47.739318 ], [ -122.141973, 47.747194 ], [ -122.120458, 47.747534 ], [ -122.120844, 47.753511 ], [ -122.108684, 47.750056 ], [ -122.107856, 47.749165 ], [ -122.107946, 47.75485 ], [ -122.111675, 47.761467 ], [ -122.101326, 47.761428 ], [ -122.097175, 47.758649 ], [ -122.097313, 47.756197 ], [ -122.095661, 47.757625 ], [ -122.093033, 47.757428 ], [ -122.091057, 47.759517 ], [ -122.078482, 47.754841 ], [ -122.078891, 47.767424 ], [ -122.076456, 47.768531 ], [ -122.080236, 47.773499 ], [ -122.075126, 47.773846 ], [ -122.074755, 47.77557 ], [ -122.055067, 47.775683 ], [ -122.056057, 47.788635 ], [ -122.064372, 47.796458 ], [ -122.074916, 47.804141 ], [ -122.075111, 47.807255 ], [ -122.080304, 47.80836 ], [ -122.079603, 47.812576 ], [ -122.099812, 47.811602 ], [ -122.109184, 47.807936 ], [ -122.115433, 47.795223 ], [ -122.134594, 47.794537 ], [ -122.139658, 47.784068 ], [ -122.153618, 47.777565 ], [ -122.155807, 47.776211 ], [ -122.169182, 47.776259 ], [ -122.169602, 47.779879 ], [ -122.172474, 47.78081 ], [ -122.173708, 47.789537 ], [ -122.17584, 47.788779 ], [ -122.175984, 47.790921 ], [ -122.186535, 47.791375 ], [ -122.186394, 47.814114 ], [ -122.190924, 47.813795 ], [ -122.195679, 47.811714 ], [ -122.200531, 47.810577 ], [ -122.207219, 47.80946 ], [ -122.209064, 47.832102 ], [ -122.213815, 47.837826 ], [ -122.222969, 47.838327 ], [ -122.222946, 47.834972 ], [ -122.227603, 47.834753 ], [ -122.227645, 47.841697 ], [ -122.231728, 47.841817 ], [ -122.237769, 47.838187 ], [ -122.240418, 47.838974 ], [ -122.246028, 47.839551 ], [ -122.246496, 47.832177 ], [ -122.252003, 47.830412 ], [ -122.253751, 47.826981 ], [ -122.262753, 47.832068 ], [ -122.268343, 47.825435 ], [ -122.267031, 47.821307 ], [ -122.262502, 47.820407 ], [ -122.263045, 47.818853 ], [ -122.265715, 47.818011 ], [ -122.266918, 47.819887 ], [ -122.270941, 47.81993 ], [ -122.271755, 47.810152 ], [ -122.279863, 47.807455 ], [ -122.276891, 47.80501 ], [ -122.281092, 47.80413 ], [ -122.281566, 47.803048 ], [ -122.285164, 47.802772 ], [ -122.286105, 47.799165 ], [ -122.281527, 47.799164 ], [ -122.282952, 47.793959 ], [ -122.285627, 47.794137 ], [ -122.286863, 47.777322 ], [ -122.297594, 47.77742 ], [ -122.297425, 47.770105 ], [ -122.305478, 47.77068 ], [ -122.311311, 47.770951 ], [ -122.313005, 47.770343 ], [ -122.306764, 47.766613 ], [ -122.306465, 47.762982 ], [ -122.308092, 47.763008 ], [ -122.302111, 47.755614 ], [ -122.303, 47.750158 ], [ -122.298943, 47.749401 ], [ -122.294684, 47.741064 ], [ -122.299332, 47.741024 ], [ -122.297945, 47.737404 ], [ -122.292759, 47.736797 ], [ -122.291098, 47.73374 ], [ -122.274397, 47.733732 ], [ -122.269138, 47.714124 ] ], [ [ -122.152158, 47.725736 ], [ -122.154672, 47.726771 ], [ -122.15218, 47.72714 ], [ -122.152158, 47.725736 ] ] ], [ [ [ -122.079603, 47.812576 ], [ -122.077055, 47.811748 ], [ -122.076983, 47.813277 ], [ -122.079603, 47.812576 ] ] ] ] } },
{ "type": "Feature", "properties": { "Name": "2nd LD", "DISTRICT": "2" }, "geometry": { "type": "MultiPolygon", "coordinates": [ [ [ [ -121.853126, 46.730224 ], [ -121.841447, 46.728796 ], [ -121.831764, 46.730246 ], [ -121.828358, 46.736352 ], [ -121.816733, 46.74721 ], [ -121.808907, 46.748228 ], [ -121.803389, 46.752945 ], [ -121.805279, 46.756157 ], [ -121.793972, 46.763359 ], [ -121.790308, 46.764339 ], [ -121.787702, 46.769819 ], [ -121.775851, 46.77657 ], [ -121.758799, 46.783571 ], [ -121.456325, 46.783802 ], [ -121.451683, 46.789757 ], [ -121.446383, 46.792056 ], [ -121.442635, 46.792582 ], [ -121.451236, 46.800805 ], [ -121.456114, 46.803889 ], [ -121.45762, 46.809141 ], [ -121.458191, 46.811976 ], [ -121.463705, 46.813664 ], [ -121.474376, 46.820394 ], [ -121.471273, 46.822277 ], [ -121.471263, 46.82355 ], [ -121.471297, 46.826698 ], [ -121.476588, 46.831975 ], [ -121.484197, 46.834274 ], [ -121.486571, 46.842452 ], [ -121.495968, 46.856823 ], [ -121.497345, 46.862866 ], [ -121.50813, 46.865286 ], [ -121.517897, 46.871611 ], [ -121.52307, 46.872783 ], [ -121.520284, 46.879177 ], [ -121.513265, 46.884805 ], [ -121.513601, 46.891946 ], [ -121.509101, 46.897433 ], [ -121.4996, 46.905186 ], [ -121.497774, 46.90739 ], [ -121.729176, 46.907387 ], [ -121.72917, 46.996169 ], [ -121.905831, 46.996232 ], [ -121.90518, 46.995347 ], [ -121.922917, 46.993623 ], [ -121.939873, 46.987537 ], [ -121.954055, 46.985328 ], [ -121.987329, 46.993966 ], [ -122.004676, 47.001727 ], [ -122.011271, 47.008488 ], [ -122.03238, 47.015679 ], [ -122.036928, 47.02474 ], [ -122.055854, 47.025324 ], [ -122.057537, 47.039117 ], [ -122.064005, 47.043957 ], [ -122.063942, 47.048618 ], [ -122.061085, 47.061419 ], [ -122.0631, 47.066366 ], [ -122.074777, 47.068078 ], [ -122.102673, 47.066425 ], [ -122.107888, 47.069471 ], [ -122.118349, 47.072587 ], [ -122.119472, 47.072026 ], [ -122.124332, 47.077996 ], [ -122.12825, 47.074182 ], [ -122.131268, 47.077134 ], [ -122.142209, 47.079836 ], [ -122.14955, 47.075904 ], [ -122.155186, 47.076549 ], [ -122.156736, 47.074904 ], [ -122.160187, 47.078133 ], [ -122.164816, 47.082861 ], [ -122.170927, 47.083989 ], [ -122.183476, 47.081874 ], [ -122.188085, 47.082113 ], [ -122.196274, 47.088474 ], [ -122.190269, 47.094455 ], [ -122.193707, 47.098819 ], [ -122.206712, 47.106875 ], [ -122.213097, 47.108476 ], [ -122.224357, 47.121276 ], [ -122.231188, 47.119441 ], [ -122.227531, 47.113757 ], [ -122.234661, 47.113723 ], [ -122.234788, 47.108508 ], [ -122.238946, 47.108244 ], [ -122.235198, 47.094434 ], [ -122.232047, 47.089221 ], [ -122.232217, 47.085595 ], [ -122.251937, 47.083557 ], [ -122.267336, 47.087718 ], [ -122.272367, 47.089882 ], [ -122.272203, 47.096373 ], [ -122.293561, 47.096461 ], [ -122.293799, 47.081873 ], [ -122.314969, 47.081888 ], [ -122.314962, 47.085158 ], [ -122.322254, 47.08602 ], [ -122.326027, 47.085253 ], [ -122.325623, 47.081925 ], [ -122.336222, 47.081942 ], [ -122.33707, 47.078886 ], [ -122.347478, 47.078472 ], [ -122.354762, 47.091089 ], [ -122.356525, 47.093944 ], [ -122.357551, 47.110852 ], [ -122.37889, 47.118455 ], [ -122.389226, 47.118559 ], [ -122.389713, 47.09677 ], [ -122.410754, 47.097003 ], [ -122.410769, 47.094607 ], [ -122.407929, 47.093891 ], [ -122.407921, 47.092507 ], [ -122.410117, 47.093495 ], [ -122.413312, 47.08245 ], [ -122.403509, 47.081767 ], [ -122.40216, 47.079256 ], [ -122.400324, 47.079216 ], [ -122.400273, 47.05617 ], [ -122.39634, 47.053312 ], [ -122.376701, 47.053112 ], [ -122.376788, 47.047369 ], [ -122.379859, 47.047429 ], [ -122.38026, 47.045883 ], [ -122.389747, 47.045963 ], [ -122.384566, 47.038888 ], [ -122.373882, 47.038375 ], [ -122.375311, 47.027578 ], [ -122.369506, 47.020319 ], [ -122.412853, 47.021132 ], [ -122.432161, 47.028389 ], [ -122.447594, 47.032132 ], [ -122.492701, 47.033426 ], [ -122.529779, 47.005963 ], [ -122.534571, 47.005168 ], [ -122.535225, 47.007919 ], [ -122.539141, 47.00842 ], [ -122.541986, 47.004551 ], [ -122.542447, 47.005563 ], [ -122.541923, 47.006757 ], [ -122.544548, 47.007448 ], [ -122.547789, 47.003461 ], [ -122.553185, 47.003414 ], [ -122.553212, 47.002471 ], [ -122.558695, 47.001981 ], [ -122.559168, 46.98483 ], [ -122.568477, 46.969243 ], [ -122.563251, 46.967594 ], [ -122.572256, 46.964229 ], [ -122.579591, 46.968442 ], [ -122.586394, 46.966407 ], [ -122.587073, 46.970482 ], [ -122.580715, 46.971174 ], [ -122.575442, 46.971291 ], [ -122.580055, 46.977502 ], [ -122.58643, 46.974095 ], [ -122.597693, 46.974382 ], [ -122.60548, 46.976373 ], [ -122.610591, 46.976795 ], [ -122.611602, 46.967213 ], [ -122.622202, 46.970646 ], [ -122.629117, 46.971463 ], [ -122.637857, 46.977682 ], [ -122.636136, 46.983647 ], [ -122.630743, 46.990303 ], [ -122.630302, 46.998339 ], [ -122.635306, 46.998481 ], [ -122.640348, 46.99947 ], [ -122.639956, 47.002055 ], [ -122.646446, 47.003944 ], [ -122.650622, 47.007317 ], [ -122.658773, 47.002793 ], [ -122.658488, 47.0051 ], [ -122.658039, 47.007461 ], [ -122.66069, 47.01046 ], [ -122.673189, 47.016647 ], [ -122.673997, 47.02131 ], [ -122.672756, 47.024189 ], [ -122.680186, 47.029345 ], [ -122.675862, 47.038899 ], [ -122.680991, 47.047103 ], [ -122.688329, 47.05229 ], [ -122.693206, 47.053291 ], [ -122.689943, 47.056821 ], [ -122.695998, 47.060383 ], [ -122.698797, 47.062723 ], [ -122.703295, 47.065005 ], [ -122.700981, 47.068673 ], [ -122.703539, 47.071323 ], [ -122.717266, 47.067824 ], [ -122.744336, 47.065858 ], [ -122.760893, 47.063423 ], [ -122.760893, 47.06124 ], [ -122.745996, 47.060468 ], [ -122.74898, 47.059869 ], [ -122.749023, 47.054042 ], [ -122.769841, 47.054244 ], [ -122.770028, 47.059465 ], [ -122.775345, 47.059473 ], [ -122.775513, 47.061233 ], [ -122.788473, 47.058632 ], [ -122.79128, 47.056303 ], [ -122.791294, 47.054071 ], [ -122.796727, 47.054078 ], [ -122.796581, 47.045936 ], [ -122.791285, 47.046801 ], [ -122.793913, 47.043231 ], [ -122.793918, 47.045021 ], [ -122.796595, 47.044137 ], [ -122.796575, 47.042319 ], [ -122.800551, 47.041476 ], [ -122.800573, 47.039584 ], [ -122.797501, 47.038479 ], [ -122.791919, 47.040863 ], [ -122.788408, 47.037273 ], [ -122.782642, 47.035115 ], [ -122.777777, 47.02299 ], [ -122.784421, 47.022841 ], [ -122.783477, 47.022075 ], [ -122.784755, 47.019575 ], [ -122.779276, 47.018349 ], [ -122.775393, 47.018649 ], [ -122.775191, 47.015978 ], [ -122.773929, 47.015209 ], [ -122.776255, 47.014085 ], [ -122.77538, 47.013263 ], [ -122.776387, 47.01 ], [ -122.772571, 47.009651 ], [ -122.77013, 47.003549 ], [ -122.760408, 47.003251 ], [ -122.758491, 46.985823 ], [ -122.723671, 46.985232 ], [ -122.720903, 46.977643 ], [ -122.72099, 46.975653 ], [ -122.721073, 46.971785 ], [ -122.720049, 46.968244 ], [ -122.726226, 46.96781 ], [ -122.732047, 46.964772 ], [ -122.735807, 46.961944 ], [ -122.738552, 46.961354 ], [ -122.738301, 46.952385 ], [ -122.696494, 46.952387 ], [ -122.696405, 46.938202 ], [ -122.675262, 46.93785 ], [ -122.6742, 46.923357 ], [ -122.672692, 46.923348 ], [ -122.677327, 46.916151 ], [ -122.69111, 46.916001 ], [ -122.692072, 46.905197 ], [ -122.671172, 46.905204 ], [ -122.670471, 46.90108 ], [ -122.644417, 46.904485 ], [ -122.639764, 46.904752 ], [ -122.639214, 46.894172 ], [ -122.644618, 46.894146 ], [ -122.644778, 46.87241 ], [ -122.593194, 46.872219 ], [ -122.59187, 46.886864 ], [ -122.545797, 46.88719 ], [ -122.550263, 46.878417 ], [ -122.550261, 46.876794 ], [ -122.540211, 46.874815 ], [ -122.503235, 46.858 ], [ -122.495117, 46.853692 ], [ -122.487703, 46.849812 ], [ -122.485809, 46.843157 ], [ -122.486449, 46.836794 ], [ -122.444436, 46.835923 ], [ -122.44438, 46.807713 ], [ -122.426892, 46.806615 ], [ -122.396677, 46.805908 ], [ -122.405113, 46.800115 ], [ -122.399573, 46.794762 ], [ -122.393725, 46.79365 ], [ -122.393426, 46.79268 ], [ -122.391623, 46.792144 ], [ -122.392994, 46.79173 ], [ -122.391898, 46.786197 ], [ -122.387836, 46.782744 ], [ -122.383107, 46.779861 ], [ -122.377932, 46.772452 ], [ -122.378121, 46.767776 ], [ -122.377165, 46.764423 ], [ -122.379649, 46.762897 ], [ -122.203115, 46.763061 ], [ -122.200166, 46.760762 ], [ -122.191688, 46.762171 ], [ -122.177877, 46.755202 ], [ -122.172578, 46.755811 ], [ -122.168714, 46.755537 ], [ -122.165627, 46.757405 ], [ -122.159806, 46.756422 ], [ -122.154936, 46.75349 ], [ -122.146462, 46.753113 ], [ -122.139121, 46.75473 ], [ -122.133869, 46.752949 ], [ -122.12903, 46.754663 ], [ -122.11556, 46.748901 ], [ -122.099658, 46.751159 ], [ -122.096013, 46.750212 ], [ -122.088773, 46.751788 ], [ -122.078326, 46.751177 ], [ -122.063681, 46.746953 ], [ -122.060304, 46.749194 ], [ -122.054116, 46.746938 ], [ -122.039157, 46.742585 ], [ -122.034291, 46.743439 ], [ -122.026248, 46.743066 ], [ -122.022259, 46.743154 ], [ -122.018057, 46.744547 ], [ -122.016546, 46.747653 ], [ -122.011177, 46.749596 ], [ -122.006513, 46.752896 ], [ -122.002026, 46.753024 ], [ -121.998534, 46.750775 ], [ -121.994397, 46.751443 ], [ -121.993382, 46.747237 ], [ -121.985693, 46.745279 ], [ -121.977931, 46.744467 ], [ -121.970224, 46.749237 ], [ -121.963287, 46.750892 ], [ -121.961376, 46.754268 ], [ -121.952922, 46.754672 ], [ -121.946646, 46.751576 ], [ -121.94477, 46.749921 ], [ -121.937558, 46.746818 ], [ -121.929997, 46.739871 ], [ -121.925872, 46.739712 ], [ -121.922452, 46.739204 ], [ -121.91665, 46.738396 ], [ -121.910158, 46.737405 ], [ -121.90173, 46.737605 ], [ -121.887069, 46.732745 ], [ -121.878239, 46.732787 ], [ -121.865964, 46.72964 ], [ -121.856263, 46.729095 ], [ -121.853126, 46.730224 ] ] ] ] } },
{ "type": "Feature", "properties": { "Name": "5th LD", "DISTRICT": "5" }, "geometry": { "type": "MultiPolygon", "coordinates": [ [ [ [ -121.946475, 47.220739 ], [ -121.946391, 47.228012 ], [ -121.845293, 47.227508 ], [ -121.845329, 47.256472 ], [ -121.721142, 47.256828 ], [ -121.720125, 47.342714 ], [ -121.717141, 47.342096 ], [ -121.716399, 47.34071 ], [ -121.461979, 47.339249 ], [ -121.461972, 47.343608 ], [ -121.445172, 47.344061 ], [ -121.451559, 47.347953 ], [ -121.464207, 47.354478 ], [ -121.461641, 47.36178 ], [ -121.465976, 47.367841 ], [ -121.460842, 47.37252 ], [ -121.450615, 47.372498 ], [ -121.442268, 47.373257 ], [ -121.437766, 47.371899 ], [ -121.441456, 47.382092 ], [ -121.439537, 47.386053 ], [ -121.429386, 47.387655 ], [ -121.426111, 47.390476 ], [ -121.428471, 47.396646 ], [ -121.433479, 47.39901 ], [ -121.430213, 47.40326 ], [ -121.42652, 47.403305 ], [ -121.422654, 47.407571 ], [ -121.423938, 47.415595 ], [ -121.428378, 47.416226 ], [ -121.426431, 47.421271 ], [ -121.412137, 47.422692 ], [ -121.411295, 47.424919 ], [ -121.424283, 47.429338 ], [ -121.444819, 47.418778 ], [ -121.446441, 47.406992 ], [ -121.448982, 47.40222 ], [ -121.476342, 47.395478 ], [ -121.495205, 47.396921 ], [ -121.531093, 47.395967 ], [ -121.551459, 47.399082 ], [ -121.563207, 47.404163 ], [ -121.573464, 47.407563 ], [ -121.584918, 47.415069 ], [ -121.597976, 47.425135 ], [ -121.616565, 47.429265 ], [ -121.634093, 47.4303 ], [ -121.661897, 47.443126 ], [ -121.691564, 47.444805 ], [ -121.700035, 47.450845 ], [ -121.705107, 47.461838 ], [ -121.716139, 47.465521 ], [ -121.716112, 47.467092 ], [ -121.734717, 47.471931 ], [ -121.7515, 47.475753 ], [ -121.758318, 47.477738 ], [ -121.76187, 47.481052 ], [ -121.766988, 47.482985 ], [ -121.767699, 47.481837 ], [ -121.769343, 47.484855 ], [ -121.773385, 47.482875 ], [ -121.777102, 47.48435 ], [ -121.77988, 47.48342 ], [ -121.77999, 47.479479 ], [ -121.7841, 47.47951 ], [ -121.785387, 47.480919 ], [ -121.782753, 47.482187 ], [ -121.787792, 47.483278 ], [ -121.787773, 47.485555 ], [ -121.792289, 47.485435 ], [ -121.806951, 47.494808 ], [ -121.806844, 47.502717 ], [ -121.80526, 47.50328 ], [ -121.809658, 47.50691 ], [ -121.805164, 47.509259 ], [ -121.81024, 47.511015 ], [ -121.794112, 47.512467 ], [ -121.792624, 47.510446 ], [ -121.789501, 47.510857 ], [ -121.789607, 47.512686 ], [ -121.788491, 47.511952 ], [ -121.786919, 47.518176 ], [ -121.783945, 47.519479 ], [ -121.783496, 47.524301 ], [ -121.794141, 47.525945 ], [ -121.799158, 47.524166 ], [ -121.808455, 47.532043 ], [ -121.810087, 47.537559 ], [ -121.810515, 47.543291 ], [ -121.824902, 47.543364 ], [ -121.824938, 47.547388 ], [ -121.828815, 47.548185 ], [ -121.82863, 47.54694 ], [ -121.843041, 47.546925 ], [ -121.846289, 47.5506 ], [ -121.850782, 47.550868 ], [ -121.856735, 47.554993 ], [ -121.867226, 47.553699 ], [ -121.880068, 47.555611 ], [ -121.880656, 47.559747 ], [ -121.872551, 47.565839 ], [ -121.880859, 47.568056 ], [ -121.883868, 47.568307 ], [ -121.884967, 47.565351 ], [ -121.890269, 47.5649 ], [ -121.895642, 47.566227 ], [ -121.908834, 47.56527 ], [ -121.909034, 47.562057 ], [ -121.922366, 47.563588 ], [ -121.925925, 47.564788 ], [ -121.933463, 47.566819 ], [ -121.943058, 47.571859 ], [ -121.941767, 47.572889 ], [ -121.931955, 47.572995 ], [ -121.93194, 47.578314 ], [ -121.95357, 47.588504 ], [ -121.958795, 47.59051 ], [ -121.961783, 47.590534 ], [ -121.961156, 47.594606 ], [ -121.970037, 47.594579 ], [ -121.96725, 47.588798 ], [ -121.965468, 47.586832 ], [ -121.965236, 47.585307 ], [ -121.96926, 47.58162 ], [ -121.968893, 47.580153 ], [ -121.973556, 47.580201 ], [ -121.973478, 47.583922 ], [ -121.976424, 47.584182 ], [ -121.97635, 47.587546 ], [ -121.981742, 47.587622 ], [ -121.982928, 47.581007 ], [ -121.992377, 47.585515 ], [ -121.997668, 47.585108 ], [ -121.998923, 47.5787 ], [ -122.010392, 47.58067 ], [ -122.025626, 47.579702 ], [ -122.027525, 47.579298 ], [ -122.021841, 47.57338 ], [ -122.023593, 47.569855 ], [ -122.032933, 47.569129 ], [ -122.034201, 47.556639 ], [ -122.031349, 47.555766 ], [ -122.03072, 47.554695 ], [ -122.034971, 47.554744 ], [ -122.037656, 47.551001 ], [ -122.059062, 47.551188 ], [ -122.061271, 47.548432 ], [ -122.088707, 47.559149 ], [ -122.100302, 47.55909 ], [ -122.100524, 47.544933 ], [ -122.104388, 47.544798 ], [ -122.104366, 47.546903 ], [ -122.10664, 47.546592 ], [ -122.108063, 47.546561 ], [ -122.107573, 47.544677 ], [ -122.110805, 47.542969 ], [ -122.11003, 47.540542 ], [ -122.108309, 47.539546 ], [ -122.111002, 47.539541 ], [ -122.112328, 47.536077 ], [ -122.120323, 47.537828 ], [ -122.127273, 47.535258 ], [ -122.132217, 47.534892 ], [ -122.132223, 47.532594 ], [ -122.129065, 47.531782 ], [ -122.128335, 47.528032 ], [ -122.143016, 47.526603 ], [ -122.14311, 47.52365 ], [ -122.137834, 47.523614 ], [ -122.138485, 47.516344 ], [ -122.142725, 47.516358 ], [ -122.143281, 47.512072 ], [ -122.145341, 47.511975 ], [ -122.144888, 47.508785 ], [ -122.14333, 47.508711 ], [ -122.143148, 47.495551 ], [ -122.135196, 47.495436 ], [ -122.134393, 47.48832 ], [ -122.129824, 47.487597 ], [ -122.129789, 47.485512 ], [ -122.137624, 47.484671 ], [ -122.136456, 47.483335 ], [ -122.127115, 47.483351 ], [ -122.12693, 47.475116 ], [ -122.132261, 47.47562 ], [ -122.132275, 47.47742 ], [ -122.137429, 47.477915 ], [ -122.138773, 47.481138 ], [ -122.149541, 47.481222 ], [ -122.149502, 47.479567 ], [ -122.153601, 47.479997 ], [ -122.154884, 47.481253 ], [ -122.156432, 47.479864 ], [ -122.156404, 47.477636 ], [ -122.164152, 47.477711 ], [ -122.164154, 47.476355 ], [ -122.161945, 47.476331 ], [ -122.161505, 47.474061 ], [ -122.153524, 47.473822 ], [ -122.151872, 47.470414 ], [ -122.144153, 47.470465 ], [ -122.14142, 47.465889 ], [ -122.121209, 47.463248 ], [ -122.121965, 47.455363 ], [ -122.116096, 47.453916 ], [ -122.112384, 47.452122 ], [ -122.109104, 47.451745 ], [ -122.110002, 47.44591 ], [ -122.11198, 47.440821 ], [ -122.111943, 47.437466 ], [ -122.116684, 47.437509 ], [ -122.109784, 47.426762 ], [ -122.104055, 47.424182 ], [ -122.094774, 47.422927 ], [ -122.083176, 47.422839 ], [ -122.072225, 47.420248 ], [ -122.053132, 47.408954 ], [ -122.045941, 47.398439 ], [ -122.049325, 47.392196 ], [ -122.057016, 47.387711 ], [ -122.049466, 47.386824 ], [ -122.048108, 47.380685 ], [ -122.05365, 47.379668 ], [ -122.055899, 47.377324 ], [ -122.054494, 47.376755 ], [ -122.055928, 47.376152 ], [ -122.058074, 47.376194 ], [ -122.059165, 47.372663 ], [ -122.062539, 47.372175 ], [ -122.061473, 47.36495 ], [ -122.05959, 47.366399 ], [ -122.058974, 47.35799 ], [ -122.064907, 47.358024 ], [ -122.065794, 47.354413 ], [ -122.060131, 47.354374 ], [ -122.060227, 47.349977 ], [ -122.053619, 47.347205 ], [ -122.053873, 47.34357 ], [ -122.059199, 47.34449 ], [ -122.066573, 47.344512 ], [ -122.069852, 47.345431 ], [ -122.073446, 47.344543 ], [ -122.0743, 47.351632 ], [ -122.082058, 47.353627 ], [ -122.083564, 47.350229 ], [ -122.088283, 47.346836 ], [ -122.091109, 47.344417 ], [ -122.096217, 47.344847 ], [ -122.097129, 47.341962 ], [ -122.101398, 47.343603 ], [ -122.099143, 47.325613 ], [ -122.096322, 47.319784 ], [ -122.096791, 47.314435 ], [ -122.086849, 47.306011 ], [ -122.08552, 47.300309 ], [ -122.081313, 47.296805 ], [ -122.082357, 47.284567 ], [ -122.087649, 47.282894 ], [ -122.087499, 47.278773 ], [ -122.087903, 47.275354 ], [ -122.087538, 47.27096 ], [ -122.086215, 47.271028 ], [ -122.089425, 47.268665 ], [ -122.091579, 47.265048 ], [ -122.081165, 47.264591 ], [ -122.080238, 47.250077 ], [ -122.090974, 47.250029 ], [ -122.091609, 47.24455 ], [ -122.101659, 47.244552 ], [ -122.101637, 47.2427 ], [ -122.045068, 47.242734 ], [ -122.03757, 47.235536 ], [ -122.037559, 47.228232 ], [ -121.963307, 47.228127 ], [ -121.962541, 47.220988 ], [ -121.946475, 47.220739 ] ] ] ] } },
{ "type": "Feature", "properties": { "Name": "11th LD", "DISTRICT": "11" }, "geometry": { "type": "MultiPolygon", "coordinates": [ [ [ [ -122.209996, 47.400696 ], [ -122.207384, 47.401038 ], [ -122.207498, 47.415879 ], [ -122.197042, 47.415842 ], [ -122.197072, 47.412671 ], [ -122.186765, 47.412199 ], [ -122.186753, 47.415833 ], [ -122.17685, 47.415833 ], [ -122.175797, 47.430282 ], [ -122.154598, 47.430353 ], [ -122.154327, 47.440111 ], [ -122.149348, 47.438255 ], [ -122.143476, 47.437526 ], [ -122.111943, 47.437466 ], [ -122.111542, 47.444848 ], [ -122.108969, 47.446846 ], [ -122.110223, 47.4524 ], [ -122.112384, 47.452122 ], [ -122.117628, 47.454179 ], [ -122.121965, 47.455363 ], [ -122.121209, 47.463248 ], [ -122.14142, 47.465889 ], [ -122.144153, 47.470465 ], [ -122.151872, 47.470414 ], [ -122.153524, 47.473822 ], [ -122.161505, 47.474061 ], [ -122.161945, 47.476331 ], [ -122.164154, 47.476355 ], [ -122.164152, 47.477711 ], [ -122.156404, 47.477636 ], [ -122.156448, 47.481277 ], [ -122.154884, 47.481253 ], [ -122.153601, 47.479997 ], [ -122.149502, 47.479567 ], [ -122.149541, 47.481222 ], [ -122.137592, 47.480596 ], [ -122.136237, 47.477457 ], [ -122.132275, 47.47742 ], [ -122.132261, 47.47562 ], [ -122.12693, 47.475116 ], [ -122.127115, 47.483351 ], [ -122.136456, 47.483335 ], [ -122.137624, 47.484671 ], [ -122.129789, 47.485512 ], [ -122.130947, 47.488268 ], [ -122.134393, 47.48832 ], [ -122.135196, 47.495436 ], [ -122.143148, 47.495551 ], [ -122.14333, 47.508711 ], [ -122.145269, 47.50966 ], [ -122.145341, 47.511975 ], [ -122.143253, 47.513243 ], [ -122.143367, 47.516537 ], [ -122.158776, 47.517925 ], [ -122.159227, 47.51629 ], [ -122.16891, 47.516513 ], [ -122.17134, 47.512849 ], [ -122.170785, 47.510222 ], [ -122.171374, 47.508446 ], [ -122.173195, 47.513574 ], [ -122.17634, 47.515489 ], [ -122.179702, 47.515517 ], [ -122.181484, 47.516612 ], [ -122.185698, 47.517809 ], [ -122.185712, 47.522224 ], [ -122.190103, 47.52351 ], [ -122.190923, 47.531257 ], [ -122.193602, 47.531637 ], [ -122.192751, 47.5381 ], [ -122.196929, 47.539333 ], [ -122.204273, 47.539344 ], [ -122.209733, 47.530421 ], [ -122.219133, 47.523721 ], [ -122.235699, 47.517769 ], [ -122.219822, 47.509801 ], [ -122.219018, 47.500165 ], [ -122.221965, 47.495664 ], [ -122.219364, 47.494898 ], [ -122.21989, 47.493588 ], [ -122.2221, 47.493554 ], [ -122.224072, 47.490915 ], [ -122.227573, 47.489971 ], [ -122.225323, 47.488414 ], [ -122.227348, 47.488162 ], [ -122.225573, 47.48719 ], [ -122.232954, 47.486441 ], [ -122.23121, 47.4826 ], [ -122.233612, 47.48049 ], [ -122.24528, 47.48197 ], [ -122.245818, 47.479934 ], [ -122.254265, 47.479832 ], [ -122.264095, 47.489075 ], [ -122.265551, 47.49252 ], [ -122.270294, 47.496354 ], [ -122.270069, 47.509663 ], [ -122.275411, 47.509784 ], [ -122.276241, 47.507231 ], [ -122.278721, 47.509858 ], [ -122.291338, 47.510399 ], [ -122.292255, 47.521388 ], [ -122.29365, 47.52446 ], [ -122.300988, 47.524453 ], [ -122.300272, 47.52798 ], [ -122.307104, 47.531709 ], [ -122.31803, 47.531765 ], [ -122.308617, 47.525122 ], [ -122.30415, 47.512935 ], [ -122.305937, 47.512941 ], [ -122.297297, 47.499701 ], [ -122.292912, 47.490108 ], [ -122.292255, 47.48878 ], [ -122.296915, 47.487964 ], [ -122.288498, 47.465846 ], [ -122.291504, 47.459648 ], [ -122.282163, 47.459637 ], [ -122.28124, 47.456275 ], [ -122.271347, 47.456254 ], [ -122.271334, 47.454499 ], [ -122.26781, 47.453924 ], [ -122.267963, 47.451462 ], [ -122.267295, 47.449126 ], [ -122.268599, 47.447843 ], [ -122.265183, 47.44693 ], [ -122.267131, 47.443732 ], [ -122.265201, 47.440926 ], [ -122.267526, 47.437379 ], [ -122.271048, 47.432897 ], [ -122.269813, 47.431154 ], [ -122.277269, 47.422965 ], [ -122.278914, 47.419263 ], [ -122.267671, 47.419403 ], [ -122.265335, 47.423069 ], [ -122.267109, 47.4251 ], [ -122.264178, 47.429182 ], [ -122.258251, 47.430494 ], [ -122.262838, 47.433085 ], [ -122.262123, 47.434286 ], [ -122.248399, 47.43379 ], [ -122.245629, 47.441233 ], [ -122.215612, 47.440626 ], [ -122.220655, 47.428741 ], [ -122.220231, 47.406846 ], [ -122.215638, 47.406043 ], [ -122.209996, 47.400696 ] ] ] ] } },
{ "type": "Feature", "properties": { "Name": "12th LD", "DISTRICT": "12" }, "geometry": { "type": "MultiPolygon", "coordinates": [ [ [ [ -120.389197, 47.260935 ], [ -120.09446, 47.262159 ], [ -120.092627, 47.274794 ], [ -120.089735, 47.279549 ], [ -120.086836, 47.297242 ], [ -120.087389, 47.31464 ], [ -120.090305, 47.319245 ], [ -120.083274, 47.33369 ], [ -120.089638, 47.341354 ], [ -120.101471, 47.343451 ], [ -120.120273, 47.360751 ], [ -120.131073, 47.366451 ], [ -120.157855, 47.36746 ], [ -120.165577, 47.367706 ], [ -120.17459, 47.371673 ], [ -120.208674, 47.37708 ], [ -120.228924, 47.379077 ], [ -120.242787, 47.379994 ], [ -120.258853, 47.383388 ], [ -120.28653, 47.393111 ], [ -120.290332, 47.397908 ], [ -120.285421, 47.399789 ], [ -120.28172, 47.400173 ], [ -120.28187, 47.409561 ], [ -120.263985, 47.409463 ], [ -120.263968, 47.413098 ], [ -120.262205, 47.413085 ], [ -120.26224, 47.416717 ], [ -120.260266, 47.417194 ], [ -120.259502, 47.420418 ], [ -120.256584, 47.419392 ], [ -120.256742, 47.420374 ], [ -120.252734, 47.420393 ], [ -120.254546, 47.435629 ], [ -120.260467, 47.439142 ], [ -120.260438, 47.447526 ], [ -120.268257, 47.448453 ], [ -120.271877, 47.44441 ], [ -120.271655, 47.442401 ], [ -120.311361, 47.442334 ], [ -120.318084, 47.458648 ], [ -120.313884, 47.481148 ], [ -120.308447, 47.499848 ], [ -120.301476, 47.522575 ], [ -120.28977, 47.540975 ], [ -120.271807, 47.552943 ], [ -120.25833, 47.559654 ], [ -120.252418, 47.573699 ], [ -120.239601, 47.584193 ], [ -120.235923, 47.595201 ], [ -120.233584, 47.59763 ], [ -120.236197, 47.611068 ], [ -120.236003, 47.622334 ], [ -120.237634, 47.627152 ], [ -120.231701, 47.641132 ], [ -120.227412, 47.647283 ], [ -120.221411, 47.64969 ], [ -120.21773, 47.662144 ], [ -120.203139, 47.673607 ], [ -120.19919, 47.685938 ], [ -120.205219, 47.702059 ], [ -120.215081, 47.713195 ], [ -120.222447, 47.721663 ], [ -120.218217, 47.73707 ], [ -120.206908, 47.750638 ], [ -120.185469, 47.761426 ], [ -120.130914, 47.776601 ], [ -120.115894, 47.774392 ], [ -120.097178, 47.765234 ], [ -120.090544, 47.763218 ], [ -120.066352, 47.767832 ], [ -120.025256, 47.778672 ], [ -120.00834, 47.779577 ], [ -119.996969, 47.780353 ], [ -119.989951, 47.78728 ], [ -119.984242, 47.793856 ], [ -119.977602, 47.802386 ], [ -119.974603, 47.812754 ], [ -119.963066, 47.83101 ], [ -119.960127, 47.845806 ], [ -119.942256, 47.852019 ], [ -119.926312, 47.858009 ], [ -119.917311, 47.864426 ], [ -119.908575, 47.880767 ], [ -119.915555, 47.900261 ], [ -119.905846, 47.909789 ], [ -119.88703, 47.919387 ], [ -119.878354, 47.926715 ], [ -119.863386, 47.937031 ], [ -119.859943, 47.943151 ], [ -119.870595, 47.960455 ], [ -120.049814, 47.96139 ], [ -120.055587, 47.962637 ], [ -120.063102, 47.966778 ], [ -120.067631, 47.967179 ], [ -120.07011, 47.970135 ], [ -120.063626, 47.979874 ], [ -120.065804, 47.982159 ], [ -120.081053, 47.993029 ], [ -120.079751, 47.998861 ], [ -120.078623, 48.000512 ], [ -120.082295, 48.007396 ], [ -120.083903, 48.011157 ], [ -120.092947, 48.01919 ], [ -120.119529, 48.027085 ], [ -120.121201, 48.031533 ], [ -120.13879, 48.03476 ], [ -120.146391, 48.037343 ], [ -120.14674, 48.042772 ], [ -120.150106, 48.044498 ], [ -120.14788, 48.050097 ], [ -120.149009, 48.052234 ], [ -120.137923, 48.053869 ], [ -120.13406, 48.052902 ], [ -120.131697, 48.055258 ], [ -120.142194, 48.062574 ], [ -120.144785, 48.065533 ], [ -120.148398, 48.064767 ], [ -120.151321, 48.066103 ], [ -120.155751, 48.065697 ], [ -120.158902, 48.069063 ], [ -120.164829, 48.068738 ], [ -120.182803, 48.073817 ], [ -120.186472, 48.078424 ], [ -120.202897, 48.077162 ], [ -120.214884, 48.080146 ], [ -120.220263, 48.084671 ], [ -120.225107, 48.084725 ], [ -120.229464, 48.088617 ], [ -120.23538, 48.089366 ], [ -120.236347, 48.094484 ], [ -120.2431, 48.099134 ], [ -120.257854, 48.109006 ], [ -120.259771, 48.110465 ], [ -120.265374, 48.11058 ], [ -120.273167, 48.1174 ], [ -120.281032, 48.12385 ], [ -120.288249, 48.125106 ], [ -120.29144, 48.129725 ], [ -120.298614, 48.129728 ], [ -120.303636, 48.126784 ], [ -120.31158, 48.126406 ], [ -120.31961, 48.124424 ], [ -120.326951, 48.130215 ], [ -120.327792, 48.132565 ], [ -120.339599, 48.14214 ], [ -120.348578, 48.144284 ], [ -120.353491, 48.151141 ], [ -120.35429, 48.155353 ], [ -120.361288, 48.157569 ], [ -120.361004, 48.172508 ], [ -120.356608, 48.178154 ], [ -120.35561, 48.183239 ], [ -120.351476, 48.189322 ], [ -120.346513, 48.202113 ], [ -120.354211, 48.213383 ], [ -120.355542, 48.218422 ], [ -120.36007, 48.219586 ], [ -120.378688, 48.218303 ], [ -120.384282, 48.220937 ], [ -120.386554, 48.2253 ], [ -120.390061, 48.226224 ], [ -120.391412, 48.228796 ], [ -120.384952, 48.233167 ], [ -120.389348, 48.240793 ], [ -120.396108, 48.24353 ], [ -120.406539, 48.24598 ], [ -120.427344, 48.252203 ], [ -120.429722, 48.254921 ], [ -120.442704, 48.260201 ], [ -120.451152, 48.260985 ], [ -120.461358, 48.266513 ], [ -120.469124, 48.26898 ], [ -120.46316, 48.272537 ], [ -120.467345, 48.275908 ], [ -120.476346, 48.278363 ], [ -120.498826, 48.295073 ], [ -120.510287, 48.311298 ], [ -120.5191, 48.311349 ], [ -120.527314, 48.306597 ], [ -120.547201, 48.306714 ], [ -120.565254, 48.317594 ], [ -120.586816, 48.320322 ], [ -120.588479, 48.323484 ], [ -120.583979, 48.327769 ], [ -120.585672, 48.339181 ], [ -120.575344, 48.347119 ], [ -120.569719, 48.348879 ], [ -120.566366, 48.35815 ], [ -120.560206, 48.361048 ], [ -120.563192, 48.370848 ], [ -120.57027, 48.3765 ], [ -120.584219, 48.380036 ], [ -120.588715, 48.384228 ], [ -120.599508, 48.385704 ], [ -120.613119, 48.394948 ], [ -120.622652, 48.398533 ], [ -120.643173, 48.397679 ], [ -120.649933, 48.398139 ], [ -120.645031, 48.406098 ], [ -120.64111, 48.408536 ], [ -120.641653, 48.411121 ], [ -120.647782, 48.412422 ], [ -120.650671, 48.416623 ], [ -120.655235, 48.430086 ], [ -120.651523, 48.432321 ], [ -120.652775, 48.437949 ], [ -120.664596, 48.444817 ], [ -120.668818, 48.449735 ], [ -120.666592, 48.451452 ], [ -120.654769, 48.453175 ], [ -120.650832, 48.46073 ], [ -120.636793, 48.467572 ], [ -120.632405, 48.468774 ], [ -120.637866, 48.473519 ], [ -120.652578, 48.478695 ], [ -120.653236, 48.485234 ], [ -120.651672, 48.485222 ], [ -120.648964, 48.48957 ], [ -120.641104, 48.494039 ], [ -120.637825, 48.49631 ], [ -120.629101, 48.496396 ], [ -120.630006, 48.499501 ], [ -120.6572, 48.50731 ], [ -120.656203, 48.513047 ], [ -120.657021, 48.516554 ], [ -120.655764, 48.522586 ], [ -120.649014, 48.526918 ], [ -120.648991, 48.532842 ], [ -120.652283, 48.536939 ], [ -120.656469, 48.536114 ], [ -120.683358, 48.530454 ], [ -120.698616, 48.532217 ], [ -120.703183, 48.531102 ], [ -120.703556, 48.526401 ], [ -120.709482, 48.52334 ], [ -120.721643, 48.521394 ], [ -120.734615, 48.517732 ], [ -120.746549, 48.517404 ], [ -120.755197, 48.511592 ], [ -120.774389, 48.507987 ], [ -120.791857, 48.507537 ], [ -120.804117, 48.512222 ], [ -120.816787, 48.519604 ], [ -120.816344, 48.523432 ], [ -120.809312, 48.528626 ], [ -120.817048, 48.537737 ], [ -120.826491, 48.541992 ], [ -120.823947, 48.54503 ], [ -120.837101, 48.549156 ], [ -120.838635, 48.550836 ], [ -120.850896, 48.54842 ], [ -120.853864, 48.549065 ], [ -120.860727, 48.544213 ], [ -120.857943, 48.535671 ], [ -120.861463, 48.533529 ], [ -120.863213, 48.530074 ], [ -120.873386, 48.532003 ], [ -120.879284, 48.536008 ], [ -120.885401, 48.538187 ], [ -120.889985, 48.535924 ], [ -120.894321, 48.535876 ], [ -120.899683, 48.532582 ], [ -120.90396, 48.533401 ], [ -120.90313, 48.524758 ], [ -120.906902, 48.523663 ], [ -120.929028, 48.526808 ], [ -120.94069, 48.530022 ], [ -120.950502, 48.529581 ], [ -120.95365, 48.520411 ], [ -120.950039, 48.515276 ], [ -120.9494, 48.503483 ], [ -120.952834, 48.498976 ], [ -120.957201, 48.500444 ], [ -120.966606, 48.498878 ], [ -120.970782, 48.49966 ], [ -120.982402, 48.499505 ], [ -120.98643, 48.497813 ], [ -120.99293, 48.499045 ], [ -121.001089, 48.494203 ], [ -121.036234, 48.495297 ], [ -121.042575, 48.490585 ], [ -121.052761, 48.482013 ], [ -121.056587, 48.472918 ], [ -121.062313, 48.459421 ], [ -121.059241, 48.452879 ], [ -121.049825, 48.447881 ], [ -121.042693, 48.44707 ], [ -121.03867, 48.436949 ], [ -121.037972, 48.431847 ], [ -121.042146, 48.430766 ], [ -121.045442, 48.418295 ], [ -121.041588, 48.411271 ], [ -121.048229, 48.410622 ], [ -121.055459, 48.412638 ], [ -121.062437, 48.403739 ], [ -121.065763, 48.391789 ], [ -121.059349, 48.38625 ], [ -121.059376, 48.381846 ], [ -121.061836, 48.379648 ], [ -121.049917, 48.370983 ], [ -121.041547, 48.359789 ], [ -121.041264, 48.347107 ], [ -121.046608, 48.345735 ], [ -121.055572, 48.345766 ], [ -121.060686, 48.346475 ], [ -121.065208, 48.340698 ], [ -121.065215, 48.338715 ], [ -121.069579, 48.338074 ], [ -121.070155, 48.330707 ], [ -121.065918, 48.328059 ], [ -121.070917, 48.318589 ], [ -121.067213, 48.315131 ], [ -121.059281, 48.316252 ], [ -121.045067, 48.308865 ], [ -121.03569, 48.311652 ], [ -121.029217, 48.30788 ], [ -121.027136, 48.302924 ], [ -121.011416, 48.300624 ], [ -121.003115, 48.298967 ], [ -121.000648, 48.290533 ], [ -121.003555, 48.285697 ], [ -121.011766, 48.282793 ], [ -121.011263, 48.278191 ], [ -121.004488, 48.273902 ], [ -121.004643, 48.268404 ], [ -120.998026, 48.261694 ], [ -120.982491, 48.251341 ], [ -120.977732, 48.24203 ], [ -120.970798, 48.234017 ], [ -120.959848, 48.227769 ], [ -120.965518, 48.215215 ], [ -120.963515, 48.210579 ], [ -120.952306, 48.209113 ], [ -120.947026, 48.201049 ], [ -120.932661, 48.197138 ], [ -120.923233, 48.191565 ], [ -120.919271, 48.190388 ], [ -120.919518, 48.185563 ], [ -120.915367, 48.178458 ], [ -120.910029, 48.171883 ], [ -120.907425, 48.163184 ], [ -120.917484, 48.159664 ], [ -120.931944, 48.16162 ], [ -120.934253, 48.159503 ], [ -120.933216, 48.156771 ], [ -120.939835, 48.155047 ], [ -120.94986, 48.154296 ], [ -120.955566, 48.151981 ], [ -120.955241, 48.148438 ], [ -120.965048, 48.141801 ], [ -120.963749, 48.135455 ], [ -120.964715, 48.132903 ], [ -120.957847, 48.128287 ], [ -120.956546, 48.124039 ], [ -120.951588, 48.116647 ], [ -120.946311, 48.11518 ], [ -120.948756, 48.112093 ], [ -120.953578, 48.110202 ], [ -120.957954, 48.108037 ], [ -120.963741, 48.109721 ], [ -120.972481, 48.108534 ], [ -120.972208, 48.104048 ], [ -120.980398, 48.098102 ], [ -120.981311, 48.094379 ], [ -120.988301, 48.092982 ], [ -120.995529, 48.089172 ], [ -120.999132, 48.089345 ], [ -121.0067, 48.080176 ], [ -121.012791, 48.077369 ], [ -121.017237, 48.07517 ], [ -121.025157, 48.078168 ], [ -121.036217, 48.076838 ], [ -121.043828, 48.072191 ], [ -121.051106, 48.069941 ], [ -121.067004, 48.06941 ], [ -121.083045, 48.061557 ], [ -121.090144, 48.064942 ], [ -121.100656, 48.063168 ], [ -121.106965, 48.057459 ], [ -121.11225, 48.05727 ], [ -121.115976, 48.057963 ], [ -121.124573, 48.049633 ], [ -121.133085, 48.044177 ], [ -121.142401, 48.042749 ], [ -121.152627, 48.041113 ], [ -121.14739, 48.029466 ], [ -121.129221, 48.019826 ], [ -121.127703, 48.013754 ], [ -121.120909, 48.00758 ], [ -121.117934, 48.006283 ], [ -121.118183, 47.997103 ], [ -121.126166, 47.991862 ], [ -121.132099, 47.986042 ], [ -121.136713, 47.982834 ], [ -121.141683, 47.983325 ], [ -121.147141, 47.981477 ], [ -121.161653, 47.985925 ], [ -121.16805, 47.984053 ], [ -121.174755, 47.980841 ], [ -121.174764, 47.979373 ], [ -121.195408, 47.979377 ], [ -121.195419, 47.975202 ], [ -121.205611, 47.974754 ], [ -121.2245, 47.975959 ], [ -121.240592, 47.962084 ], [ -121.251667, 47.957896 ], [ -121.25708, 47.961633 ], [ -121.258971, 47.968656 ], [ -121.263878, 47.972848 ], [ -121.265779, 47.972732 ], [ -121.27009, 47.981077 ], [ -121.281955, 47.981721 ], [ -121.285175, 47.979469 ], [ -121.29982, 47.976405 ], [ -121.303092, 47.977004 ], [ -121.312839, 47.972287 ], [ -121.32318, 47.971172 ], [ -121.326325, 47.968521 ], [ -121.330443, 47.965967 ], [ -121.333995, 47.964907 ], [ -121.337474, 47.967935 ], [ -121.339791, 47.970546 ], [ -121.354709, 47.968608 ], [ -121.360972, 47.96189 ], [ -121.369286, 47.960621 ], [ -121.378042, 47.95841 ], [ -121.384559, 47.962028 ], [ -121.389695, 47.968496 ], [ -121.394224, 47.968376 ], [ -121.40128, 47.972058 ], [ -121.401817, 47.975621 ], [ -121.409028, 47.978027 ], [ -121.419239, 47.976005 ], [ -121.421242, 47.971407 ], [ -121.431245, 47.972005 ], [ -121.433398, 47.967307 ], [ -121.436837, 47.965132 ], [ -121.445192, 47.96764 ], [ -121.451576, 47.968596 ], [ -121.451407, 47.950343 ], [ -121.686844, 47.950207 ], [ -121.687196, 47.946562 ], [ -121.692207, 47.946045 ], [ -121.693729, 47.946637 ], [ -121.703824, 47.944727 ], [ -121.71244, 47.937246 ], [ -121.713434, 47.928244 ], [ -121.717031, 47.925501 ], [ -121.71744, 47.924213 ], [ -121.71146, 47.924269 ], [ -121.708577, 47.92873 ], [ -121.705554, 47.913691 ], [ -121.707389, 47.911223 ], [ -121.707217, 47.904207 ], [ -121.710411, 47.903521 ], [ -121.713704, 47.89831 ], [ -121.720533, 47.895749 ], [ -121.727524, 47.890916 ], [ -121.733366, 47.89136 ], [ -121.734951, 47.88518 ], [ -121.734682, 47.877214 ], [ -121.788157, 47.882127 ], [ -121.793708, 47.882068 ], [ -121.793697, 47.878437 ], [ -121.799189, 47.878353 ], [ -121.799186, 47.880215 ], [ -121.80553, 47.880107 ], [ -121.804855, 47.872409 ], [ -121.803907, 47.871763 ], [ -121.809831, 47.870979 ], [ -121.809855, 47.869231 ], [ -121.816585, 47.86911 ], [ -121.817446, 47.874419 ], [ -121.826323, 47.874925 ], [ -121.829637, 47.882585 ], [ -121.834366, 47.884055 ], [ -121.834449, 47.88912 ], [ -121.832897, 47.890257 ], [ -121.848697, 47.895263 ], [ -121.846015, 47.899585 ], [ -121.853939, 47.899239 ], [ -121.876493, 47.902448 ], [ -121.879309, 47.904266 ], [ -121.891353, 47.91329 ], [ -121.895492, 47.919188 ], [ -121.896554, 47.926511 ], [ -121.899104, 47.925315 ], [ -121.900833, 47.922405 ], [ -121.905343, 47.924047 ], [ -121.906754, 47.923917 ], [ -121.90769, 47.921827 ], [ -121.927425, 47.92076 ], [ -121.928097, 47.935112 ], [ -121.938796, 47.934552 ], [ -121.938763, 47.942146 ], [ -121.947286, 47.942069 ], [ -121.950018, 47.953637 ], [ -121.955293, 47.957356 ], [ -121.958942, 47.958389 ], [ -121.963086, 47.958021 ], [ -121.968938, 47.960521 ], [ -121.971205, 47.962763 ], [ -122.000204, 47.963395 ], [ -122.001181, 47.921944 ], [ -121.989656, 47.91707 ], [ -121.986878, 47.917186 ], [ -121.98581, 47.915938 ], [ -121.981258, 47.917085 ], [ -121.979834, 47.921816 ], [ -121.972709, 47.925027 ], [ -121.960634, 47.918487 ], [ -121.946304, 47.914267 ], [ -121.943446, 47.906926 ], [ -121.943411, 47.904883 ], [ -121.951189, 47.905139 ], [ -121.950302, 47.902615 ], [ -121.952596, 47.901013 ], [ -121.956931, 47.900313 ], [ -121.960646, 47.898065 ], [ -121.967002, 47.898959 ], [ -121.969261, 47.897349 ], [ -121.96928, 47.877595 ], [ -121.974718, 47.878594 ], [ -121.974728, 47.87757 ], [ -121.984706, 47.878106 ], [ -121.985963, 47.877561 ], [ -122.001597, 47.878423 ], [ -122.006527, 47.879313 ], [ -122.00721, 47.882459 ], [ -122.012597, 47.886234 ], [ -122.012356, 47.863149 ], [ -122.033858, 47.862767 ], [ -122.033659, 47.847738 ], [ -122.073962, 47.848157 ], [ -122.047575, 47.831301 ], [ -122.051277, 47.830953 ], [ -122.042721, 47.824358 ], [ -122.03866, 47.823234 ], [ -122.02126, 47.81827 ], [ -122.014699, 47.816104 ], [ -122.013055, 47.813709 ], [ -122.004291, 47.80805 ], [ -122.001004, 47.790449 ], [ -121.99788, 47.782782 ], [ -122.000346, 47.77539 ], [ -121.960406, 47.776281 ], [ -121.955235, 47.771516 ], [ -121.957134, 47.76398 ], [ -121.954377, 47.754228 ], [ -121.946498, 47.749648 ], [ -121.943676, 47.74794 ], [ -121.937816, 47.734146 ], [ -121.93391, 47.730879 ], [ -121.937216, 47.732172 ], [ -121.946264, 47.732548 ], [ -121.946393, 47.734395 ], [ -121.95153, 47.734609 ], [ -121.951564, 47.727525 ], [ -121.954013, 47.725999 ], [ -121.948844, 47.723272 ], [ -121.947371, 47.715855 ], [ -121.952476, 47.71207 ], [ -121.95151, 47.710852 ], [ -121.955405, 47.708296 ], [ -121.955331, 47.705449 ], [ -121.956303, 47.704382 ], [ -121.952001, 47.700719 ], [ -121.945011, 47.694992 ], [ -121.944046, 47.690774 ], [ -121.912587, 47.679863 ], [ -121.907352, 47.678067 ], [ -121.910624, 47.657653 ], [ -121.911939, 47.651439 ], [ -121.923757, 47.651471 ], [ -121.924563, 47.644267 ], [ -121.91539, 47.64385 ], [ -121.917403, 47.637798 ], [ -121.927458, 47.639971 ], [ -121.932262, 47.637719 ], [ -121.936165, 47.636799 ], [ -121.938909, 47.634691 ], [ -121.938918, 47.629729 ], [ -121.944307, 47.629776 ], [ -121.944198, 47.615805 ], [ -121.950816, 47.61532 ], [ -121.950803, 47.619092 ], [ -121.948276, 47.619174 ], [ -121.948733, 47.622199 ], [ -121.955938, 47.623432 ], [ -121.959373, 47.625963 ], [ -121.96522, 47.625668 ], [ -121.968251, 47.626412 ], [ -121.958441, 47.618281 ], [ -121.958112, 47.610847 ], [ -121.961724, 47.598527 ], [ -121.954222, 47.588875 ], [ -121.93194, 47.578314 ], [ -121.932245, 47.572881 ], [ -121.943148, 47.572892 ], [ -121.940124, 47.569725 ], [ -121.92926, 47.565211 ], [ -121.923545, 47.564947 ], [ -121.920187, 47.562857 ], [ -121.908847, 47.562045 ], [ -121.908834, 47.56527 ], [ -121.895642, 47.566227 ], [ -121.887628, 47.564616 ], [ -121.883518, 47.565967 ], [ -121.884201, 47.568318 ], [ -121.872512, 47.566147 ], [ -121.880656, 47.559747 ], [ -121.880601, 47.556111 ], [ -121.872029, 47.554321 ], [ -121.862317, 47.553623 ], [ -121.856735, 47.554993 ], [ -121.848238, 47.550001 ], [ -121.845081, 47.550192 ], [ -121.843041, 47.546925 ], [ -121.828616, 47.546855 ], [ -121.828809, 47.548087 ], [ -121.824939, 47.547474 ], [ -121.824919, 47.543198 ], [ -121.810376, 47.543293 ], [ -121.810064, 47.537278 ], [ -121.808961, 47.532774 ], [ -121.800957, 47.525299 ], [ -121.797568, 47.524722 ], [ -121.78937, 47.526066 ], [ -121.783564, 47.524581 ], [ -121.784448, 47.518473 ], [ -121.786919, 47.518176 ], [ -121.788491, 47.511952 ], [ -121.790112, 47.511692 ], [ -121.789257, 47.510502 ], [ -121.792624, 47.510446 ], [ -121.794112, 47.512467 ], [ -121.81024, 47.511015 ], [ -121.805164, 47.509259 ], [ -121.809658, 47.50691 ], [ -121.806909, 47.504115 ], [ -121.806951, 47.49393 ], [ -121.795925, 47.488052 ], [ -121.792289, 47.485435 ], [ -121.787868, 47.48584 ], [ -121.786395, 47.48259 ], [ -121.782753, 47.482187 ], [ -121.785385, 47.4811 ], [ -121.784532, 47.479512 ], [ -121.77999, 47.479479 ], [ -121.779852, 47.484337 ], [ -121.774448, 47.48431 ], [ -121.773385, 47.482875 ], [ -121.768239, 47.484293 ], [ -121.767566, 47.481849 ], [ -121.766916, 47.483226 ], [ -121.758313, 47.479245 ], [ -121.758318, 47.477738 ], [ -121.74811, 47.474109 ], [ -121.739924, 47.473617 ], [ -121.718051, 47.466966 ], [ -121.716111, 47.467183 ], [ -121.714448, 47.46505 ], [ -121.70417, 47.461019 ], [ -121.698409, 47.448706 ], [ -121.686782, 47.443667 ], [ -121.659166, 47.442519 ], [ -121.631448, 47.429676 ], [ -121.612896, 47.428804 ], [ -121.594169, 47.423147 ], [ -121.581505, 47.412105 ], [ -121.568736, 47.405189 ], [ -121.557333, 47.40242 ], [ -121.547341, 47.397943 ], [ -121.519268, 47.395454 ], [ -121.487648, 47.39711 ], [ -121.473056, 47.395699 ], [ -121.447778, 47.403009 ], [ -121.443588, 47.420091 ], [ -121.42376, 47.429368 ], [ -121.410516, 47.425345 ], [ -121.401602, 47.431833 ], [ -121.393151, 47.433612 ], [ -121.385968, 47.434012 ], [ -121.381516, 47.438653 ], [ -121.385168, 47.445177 ], [ -121.378981, 47.450719 ], [ -121.379257, 47.45386 ], [ -121.362424, 47.464921 ], [ -121.348371, 47.465207 ], [ -121.3415, 47.474724 ], [ -121.337443, 47.47587 ], [ -121.330792, 47.474197 ], [ -121.324612, 47.479397 ], [ -121.316837, 47.479477 ], [ -121.313714, 47.478069 ], [ -121.311099, 47.482979 ], [ -121.302537, 47.487052 ], [ -121.297988, 47.498421 ], [ -121.290507, 47.505109 ], [ -121.2885, 47.510303 ], [ -121.29195, 47.513551 ], [ -121.285357, 47.513603 ], [ -121.284158, 47.515889 ], [ -121.284377, 47.518146 ], [ -121.277605, 47.523046 ], [ -121.261787, 47.523845 ], [ -121.257186, 47.530097 ], [ -121.255616, 47.533476 ], [ -121.251096, 47.532284 ], [ -121.243108, 47.536559 ], [ -121.24153, 47.539064 ], [ -121.243086, 47.542505 ], [ -121.234583, 47.545637 ], [ -121.234434, 47.549225 ], [ -121.233453, 47.556753 ], [ -121.23191, 47.56245 ], [ -121.224622, 47.567232 ], [ -121.215553, 47.569136 ], [ -121.207027, 47.565964 ], [ -121.194603, 47.566149 ], [ -121.18704, 47.568346 ], [ -121.180744, 47.564932 ], [ -121.176571, 47.567698 ], [ -121.175101, 47.572371 ], [ -121.170411, 47.577464 ], [ -121.170426, 47.579667 ], [ -121.172925, 47.583513 ], [ -121.170922, 47.587094 ], [ -121.172261, 47.589355 ], [ -121.158579, 47.593229 ], [ -121.153251, 47.595381 ], [ -121.142492, 47.591968 ], [ -121.137205, 47.595724 ], [ -121.11946, 47.591507 ], [ -121.117969, 47.5967 ], [ -121.11582, 47.597874 ], [ -121.110715, 47.59474 ], [ -121.109661, 47.592139 ], [ -121.103526, 47.589531 ], [ -121.098821, 47.590112 ], [ -121.092539, 47.585919 ], [ -121.089664, 47.577337 ], [ -121.087033, 47.574163 ], [ -121.090258, 47.570536 ], [ -121.0799, 47.559954 ], [ -121.073904, 47.550735 ], [ -121.067016, 47.549204 ], [ -121.059961, 47.543479 ], [ -121.060626, 47.542055 ], [ -121.055451, 47.539401 ], [ -121.047086, 47.534111 ], [ -121.041146, 47.535299 ], [ -121.02701, 47.529219 ], [ -121.023458, 47.523759 ], [ -120.996578, 47.518545 ], [ -120.991352, 47.510703 ], [ -120.994614, 47.505048 ], [ -120.978892, 47.490246 ], [ -120.964807, 47.486345 ], [ -120.958216, 47.483274 ], [ -120.958858, 47.480988 ], [ -120.952687, 47.476613 ], [ -120.946495, 47.472534 ], [ -120.951962, 47.464782 ], [ -120.953119, 47.46266 ], [ -120.9322, 47.458815 ], [ -120.930748, 47.455198 ], [ -120.927075, 47.450348 ], [ -120.922555, 47.448271 ], [ -120.924347, 47.438946 ], [ -120.922692, 47.432751 ], [ -120.908354, 47.425366 ], [ -120.901697, 47.426985 ], [ -120.892995, 47.426529 ], [ -120.890634, 47.427169 ], [ -120.872219, 47.415341 ], [ -120.866916, 47.416989 ], [ -120.861395, 47.420616 ], [ -120.843269, 47.411599 ], [ -120.837035, 47.41609 ], [ -120.83294, 47.420817 ], [ -120.828546, 47.42388 ], [ -120.813203, 47.419685 ], [ -120.802533, 47.422626 ], [ -120.797602, 47.415863 ], [ -120.794174, 47.413185 ], [ -120.793101, 47.407976 ], [ -120.786948, 47.404639 ], [ -120.782186, 47.399407 ], [ -120.768016, 47.399456 ], [ -120.757694, 47.397761 ], [ -120.747409, 47.393762 ], [ -120.732666, 47.39278 ], [ -120.726398, 47.387391 ], [ -120.726946, 47.380183 ], [ -120.720805, 47.369834 ], [ -120.710999, 47.367174 ], [ -120.706245, 47.36545 ], [ -120.699256, 47.364692 ], [ -120.692072, 47.359769 ], [ -120.688368, 47.355589 ], [ -120.67935, 47.349982 ], [ -120.67545, 47.350903 ], [ -120.668039, 47.34538 ], [ -120.664368, 47.343305 ], [ -120.65783, 47.344169 ], [ -120.65454, 47.342361 ], [ -120.645796, 47.34297 ], [ -120.635977, 47.343231 ], [ -120.630982, 47.3418 ], [ -120.620341, 47.344438 ], [ -120.61678, 47.34528 ], [ -120.607452, 47.341295 ], [ -120.605791, 47.339317 ], [ -120.598723, 47.340918 ], [ -120.592535, 47.339848 ], [ -120.578632, 47.337228 ], [ -120.577727, 47.33073 ], [ -120.576906, 47.326255 ], [ -120.569512, 47.320683 ], [ -120.569049, 47.31504 ], [ -120.570609, 47.311391 ], [ -120.557277, 47.306567 ], [ -120.552591, 47.308742 ], [ -120.547133, 47.308032 ], [ -120.54762, 47.311859 ], [ -120.528765, 47.316279 ], [ -120.531651, 47.330422 ], [ -120.5305, 47.334328 ], [ -120.521518, 47.331488 ], [ -120.522804, 47.330035 ], [ -120.518084, 47.32441 ], [ -120.513478, 47.319837 ], [ -120.505588, 47.317886 ], [ -120.497251, 47.317427 ], [ -120.487653, 47.311084 ], [ -120.488375, 47.307793 ], [ -120.481878, 47.305683 ], [ -120.47619, 47.307139 ], [ -120.461222, 47.300135 ], [ -120.449342, 47.294148 ], [ -120.445109, 47.28732 ], [ -120.434518, 47.279952 ], [ -120.426794, 47.274395 ], [ -120.415503, 47.274325 ], [ -120.406037, 47.274068 ], [ -120.394102, 47.264544 ], [ -120.389197, 47.260935 ] ] ] ] } },
{ "type": "Feature", "properties": { "Name": "13th LD", "DISTRICT": "13" }, "geometry": { "type": "MultiPolygon", "coordinates": [ [ [ [ -120.394103, 46.55749 ], [ -120.388172, 46.549449 ], [ -120.385546, 46.549451 ], [ -120.385503, 46.556705 ], [ -120.371851, 46.556744 ], [ -120.371923, 46.562507 ], [ -120.375177, 46.562178 ], [ -120.376696, 46.561161 ], [ -120.380702, 46.561892 ], [ -120.382595, 46.563967 ], [ -120.382802, 46.577035 ], [ -120.377356, 46.577041 ], [ -120.377442, 46.584304 ], [ -120.382502, 46.584281 ], [ -120.382826, 46.591607 ], [ -120.393434, 46.591629 ], [ -120.393421, 46.606207 ], [ -120.403893, 46.606267 ], [ -120.404036, 46.598925 ], [ -120.416117, 46.59902 ], [ -120.415778, 46.649643 ], [ -120.445716, 46.650172 ], [ -120.4444, 46.695707 ], [ -120.434357, 46.710158 ], [ -120.422825, 46.713385 ], [ -120.412562, 46.714831 ], [ -120.403241, 46.725036 ], [ -120.390361, 46.727176 ], [ -120.385658, 46.733438 ], [ -120.386408, 46.737537 ], [ -120.128494, 46.736192 ], [ -119.973036, 46.737126 ], [ -119.968866, 46.756194 ], [ -119.943054, 46.774702 ], [ -119.928612, 46.796323 ], [ -119.45422, 46.795485 ], [ -119.369377, 46.795591 ], [ -119.368662, 46.912562 ], [ -118.982652, 46.911344 ], [ -118.979777, 47.261709 ], [ -119.129105, 47.262272 ], [ -119.149092, 47.262835 ], [ -119.149434, 47.335153 ], [ -119.34126, 47.338803 ], [ -119.341317, 47.367515 ], [ -119.354617, 47.367784 ], [ -119.354453, 47.382267 ], [ -119.426453, 47.383603 ], [ -119.426508, 47.376356 ], [ -119.447734, 47.376452 ], [ -119.447436, 47.354757 ], [ -119.475926, 47.354683 ], [ -119.47647, 47.358699 ], [ -119.505146, 47.34978 ], [ -119.526967, 47.339752 ], [ -119.538963, 47.339704 ], [ -119.539867, 47.33601 ], [ -119.544467, 47.330502 ], [ -119.54964, 47.330564 ], [ -119.549605, 47.332511 ], [ -119.56424, 47.332396 ], [ -119.565736, 47.335886 ], [ -119.570918, 47.335775 ], [ -119.570958, 47.339389 ], [ -119.576168, 47.339282 ], [ -119.576329, 47.31038 ], [ -119.569913, 47.310395 ], [ -119.565689, 47.316047 ], [ -119.566848, 47.304049 ], [ -119.583867, 47.280368 ], [ -119.593273, 47.271207 ], [ -119.612443, 47.26838 ], [ -119.620594, 47.265209 ], [ -119.62515, 47.260582 ], [ -119.643353, 47.256932 ], [ -119.682315, 47.253539 ], [ -119.682094, 47.264893 ], [ -119.683507, 47.266583 ], [ -119.683208, 47.3088 ], [ -119.747532, 47.308159 ], [ -119.747392, 47.43931 ], [ -119.87576, 47.437492 ], [ -119.875822, 47.408305 ], [ -119.897173, 47.407969 ], [ -119.897383, 47.393472 ], [ -119.918746, 47.393449 ], [ -119.918915, 47.364475 ], [ -119.940236, 47.364359 ], [ -119.940442, 47.349435 ], [ -119.961341, 47.348779 ], [ -119.961823, 47.334952 ], [ -119.983234, 47.334623 ], [ -119.983125, 47.320428 ], [ -120.004711, 47.3193 ], [ -120.004402, 47.262299 ], [ -120.002914, 47.262318 ], [ -120.004898, 47.221076 ], [ -120.007074, 47.220133 ], [ -120.017536, 47.226467 ], [ -120.049813, 47.224839 ], [ -120.071521, 47.224501 ], [ -120.078329, 47.227761 ], [ -120.092569, 47.243252 ], [ -120.095997, 47.256274 ], [ -120.09446, 47.262159 ], [ -120.389498, 47.261365 ], [ -120.405389, 47.273366 ], [ -120.421922, 47.275024 ], [ -120.426794, 47.274395 ], [ -120.448306, 47.290341 ], [ -120.451151, 47.295156 ], [ -120.461222, 47.300135 ], [ -120.477909, 47.307268 ], [ -120.481878, 47.305683 ], [ -120.48819, 47.30753 ], [ -120.487653, 47.311084 ], [ -120.498589, 47.317455 ], [ -120.510261, 47.318842 ], [ -120.516047, 47.320976 ], [ -120.522292, 47.329761 ], [ -120.523506, 47.33069 ], [ -120.521518, 47.331488 ], [ -120.5305, 47.334328 ], [ -120.532062, 47.329539 ], [ -120.528184, 47.316661 ], [ -120.54762, 47.311859 ], [ -120.547133, 47.308032 ], [ -120.554138, 47.307988 ], [ -120.557277, 47.306567 ], [ -120.57054, 47.311067 ], [ -120.568682, 47.317747 ], [ -120.571935, 47.323499 ], [ -120.576983, 47.326439 ], [ -120.578212, 47.336704 ], [ -120.59399, 47.339623 ], [ -120.600787, 47.340225 ], [ -120.605791, 47.339317 ], [ -120.611045, 47.343165 ], [ -120.619125, 47.345396 ], [ -120.627183, 47.342137 ], [ -120.634792, 47.342391 ], [ -120.642605, 47.343611 ], [ -120.651215, 47.34212 ], [ -120.656903, 47.343024 ], [ -120.660234, 47.343845 ], [ -120.664368, 47.343305 ], [ -120.674407, 47.349756 ], [ -120.677809, 47.350947 ], [ -120.67935, 47.349982 ], [ -120.682022, 47.351625 ], [ -120.690662, 47.356953 ], [ -120.696021, 47.362892 ], [ -120.703762, 47.365553 ], [ -120.710277, 47.366361 ], [ -120.721326, 47.370775 ], [ -120.727071, 47.381987 ], [ -120.726991, 47.388452 ], [ -120.735967, 47.393723 ], [ -120.75149, 47.394741 ], [ -120.759176, 47.397544 ], [ -120.770978, 47.399416 ], [ -120.783789, 47.399936 ], [ -120.788084, 47.405309 ], [ -120.793851, 47.409292 ], [ -120.794564, 47.414144 ], [ -120.801802, 47.421077 ], [ -120.803242, 47.423018 ], [ -120.813203, 47.419685 ], [ -120.828546, 47.42388 ], [ -120.837032, 47.417793 ], [ -120.839745, 47.413322 ], [ -120.843269, 47.411599 ], [ -120.857337, 47.418374 ], [ -120.861395, 47.420616 ], [ -120.870632, 47.415427 ], [ -120.885538, 47.423103 ], [ -120.89186, 47.427689 ], [ -120.896738, 47.426183 ], [ -120.905088, 47.426256 ], [ -120.909434, 47.42598 ], [ -120.924207, 47.433582 ], [ -120.923703, 47.446009 ], [ -120.922555, 47.448271 ], [ -120.930799, 47.453353 ], [ -120.930539, 47.457622 ], [ -120.936325, 47.459524 ], [ -120.953119, 47.46266 ], [ -120.946495, 47.472534 ], [ -120.952687, 47.476613 ], [ -120.958735, 47.482308 ], [ -120.960564, 47.484558 ], [ -120.970653, 47.488385 ], [ -120.981588, 47.49203 ], [ -120.994614, 47.505048 ], [ -120.991519, 47.511637 ], [ -120.996578, 47.518545 ], [ -121.023923, 47.524023 ], [ -121.02701, 47.529219 ], [ -121.04172, 47.535166 ], [ -121.047086, 47.534111 ], [ -121.058315, 47.54192 ], [ -121.060626, 47.542055 ], [ -121.060739, 47.545278 ], [ -121.07242, 47.551219 ], [ -121.075554, 47.551462 ], [ -121.0799, 47.559954 ], [ -121.090256, 47.570263 ], [ -121.087033, 47.574163 ], [ -121.092308, 47.58386 ], [ -121.095906, 47.589235 ], [ -121.10185, 47.590329 ], [ -121.103526, 47.589531 ], [ -121.110727, 47.593066 ], [ -121.113624, 47.597226 ], [ -121.117045, 47.597224 ], [ -121.11946, 47.591507 ], [ -121.138604, 47.595671 ], [ -121.142492, 47.591968 ], [ -121.152149, 47.595578 ], [ -121.172261, 47.589355 ], [ -121.171777, 47.584088 ], [ -121.172158, 47.580711 ], [ -121.170098, 47.578115 ], [ -121.172395, 47.573694 ], [ -121.176756, 47.568925 ], [ -121.17788, 47.565823 ], [ -121.182204, 47.565184 ], [ -121.189215, 47.568311 ], [ -121.196946, 47.566411 ], [ -121.208958, 47.566138 ], [ -121.217398, 47.569629 ], [ -121.229343, 47.565147 ], [ -121.232899, 47.559884 ], [ -121.233453, 47.556753 ], [ -121.234677, 47.548852 ], [ -121.235394, 47.544649 ], [ -121.243086, 47.542505 ], [ -121.24153, 47.539064 ], [ -121.243356, 47.535809 ], [ -121.252525, 47.532406 ], [ -121.255616, 47.533476 ], [ -121.259393, 47.52711 ], [ -121.263363, 47.523424 ], [ -121.279297, 47.522664 ], [ -121.285284, 47.516086 ], [ -121.284039, 47.514576 ], [ -121.291853, 47.512961 ], [ -121.288489, 47.509052 ], [ -121.293579, 47.50155 ], [ -121.300846, 47.49375 ], [ -121.303135, 47.486023 ], [ -121.311379, 47.481695 ], [ -121.313714, 47.478069 ], [ -121.316837, 47.479477 ], [ -121.324612, 47.479397 ], [ -121.332366, 47.473746 ], [ -121.339347, 47.475611 ], [ -121.348909, 47.465298 ], [ -121.364077, 47.4646 ], [ -121.379257, 47.45386 ], [ -121.380618, 47.448262 ], [ -121.384829, 47.444152 ], [ -121.381998, 47.437738 ], [ -121.387477, 47.433623 ], [ -121.394854, 47.432873 ], [ -121.404759, 47.430362 ], [ -121.413427, 47.422237 ], [ -121.425373, 47.421677 ], [ -121.428142, 47.417444 ], [ -121.427127, 47.415887 ], [ -121.423841, 47.415514 ], [ -121.4231, 47.405573 ], [ -121.428186, 47.402664 ], [ -121.431238, 47.402362 ], [ -121.433816, 47.399107 ], [ -121.427166, 47.395165 ], [ -121.426698, 47.389155 ], [ -121.433167, 47.38689 ], [ -121.440509, 47.385771 ], [ -121.440259, 47.375716 ], [ -121.438805, 47.371906 ], [ -121.446366, 47.373412 ], [ -121.455745, 47.372203 ], [ -121.460766, 47.372643 ], [ -121.465895, 47.368106 ], [ -121.461354, 47.359439 ], [ -121.464234, 47.354416 ], [ -121.448631, 47.346322 ], [ -121.442551, 47.34361 ], [ -121.438423, 47.343726 ], [ -121.430553, 47.33293 ], [ -121.432976, 47.329508 ], [ -121.437013, 47.327381 ], [ -121.439499, 47.31973 ], [ -121.439592, 47.316919 ], [ -121.445319, 47.30975 ], [ -121.439627, 47.306967 ], [ -121.43531, 47.306393 ], [ -121.432682, 47.304955 ], [ -121.431096, 47.295404 ], [ -121.432846, 47.293829 ], [ -121.424883, 47.28826 ], [ -121.419212, 47.286953 ], [ -121.41757, 47.292755 ], [ -121.414177, 47.292663 ], [ -121.409177, 47.289157 ], [ -121.393852, 47.288697 ], [ -121.391295, 47.286265 ], [ -121.381283, 47.285827 ], [ -121.369903, 47.285589 ], [ -121.370584, 47.288478 ], [ -121.362774, 47.291831 ], [ -121.360231, 47.289566 ], [ -121.359159, 47.285322 ], [ -121.354001, 47.283834 ], [ -121.35173, 47.284609 ], [ -121.345352, 47.282755 ], [ -121.341127, 47.280507 ], [ -121.339953, 47.27708 ], [ -121.338362, 47.275626 ], [ -121.337102, 47.264973 ], [ -121.334738, 47.259986 ], [ -121.331857, 47.258245 ], [ -121.334165, 47.254122 ], [ -121.337767, 47.25252 ], [ -121.339767, 47.247199 ], [ -121.348619, 47.245053 ], [ -121.352169, 47.242443 ], [ -121.359478, 47.241108 ], [ -121.360167, 47.239885 ], [ -121.35863, 47.233923 ], [ -121.365213, 47.225549 ], [ -121.359928, 47.22295 ], [ -121.341372, 47.2184 ], [ -121.33262, 47.218305 ], [ -121.323167, 47.214327 ], [ -121.315721, 47.210409 ], [ -121.311222, 47.207175 ], [ -121.309142, 47.202779 ], [ -121.311078, 47.19893 ], [ -121.306408, 47.190324 ], [ -121.308478, 47.185715 ], [ -121.316165, 47.175847 ], [ -121.317769, 47.172976 ], [ -121.310273, 47.163159 ], [ -121.305564, 47.161373 ], [ -121.297639, 47.148557 ], [ -121.302078, 47.142436 ], [ -121.305685, 47.137856 ], [ -121.317223, 47.13421 ], [ -121.32222, 47.135042 ], [ -121.335175, 47.132702 ], [ -121.341448, 47.13563 ], [ -121.351161, 47.13858 ], [ -121.355243, 47.140363 ], [ -121.365241, 47.141562 ], [ -121.378238, 47.137211 ], [ -121.385048, 47.135168 ], [ -121.394168, 47.132241 ], [ -121.395682, 47.12829 ], [ -121.401063, 47.12344 ], [ -121.408081, 47.1181 ], [ -121.402808, 47.106438 ], [ -121.399058, 47.104598 ], [ -121.402526, 47.098013 ], [ -121.392124, 47.092031 ], [ -121.383871, 47.094978 ], [ -121.378967, 47.090097 ], [ -121.377607, 47.09013 ], [ -121.377617, 47.088281 ], [ -121.38362, 47.084144 ], [ -121.378871, 47.075627 ], [ -121.375057, 47.072323 ], [ -121.376328, 47.060644 ], [ -121.37425, 47.056436 ], [ -121.378609, 47.054358 ], [ -121.382146, 47.049841 ], [ -121.386596, 47.048003 ], [ -121.388886, 47.044011 ], [ -121.399747, 47.032377 ], [ -121.396821, 47.027404 ], [ -121.395072, 47.022059 ], [ -121.400528, 47.016009 ], [ -121.405921, 47.012685 ], [ -121.409303, 47.002845 ], [ -121.406457, 46.998744 ], [ -121.409122, 46.995189 ], [ -121.413498, 46.995179 ], [ -121.419802, 46.990903 ], [ -121.420912, 46.988577 ], [ -121.43056, 46.986839 ], [ -121.441989, 46.982278 ], [ -121.446327, 46.979709 ], [ -121.441926, 46.973471 ], [ -121.457568, 46.964241 ], [ -121.458095, 46.959638 ], [ -121.452632, 46.955712 ], [ -121.452265, 46.950367 ], [ -121.450598, 46.947834 ], [ -121.452434, 46.941856 ], [ -121.449464, 46.934353 ], [ -121.456867, 46.92716 ], [ -121.45754, 46.922689 ], [ -121.466409, 46.919002 ], [ -121.47402, 46.914525 ], [ -121.482096, 46.912623 ], [ -121.488129, 46.911861 ], [ -121.49399, 46.908792 ], [ -121.496986, 46.908342 ], [ -121.50284, 46.90127 ], [ -121.510443, 46.896611 ], [ -121.514245, 46.890987 ], [ -121.513265, 46.884805 ], [ -121.520284, 46.879177 ], [ -121.52307, 46.872783 ], [ -121.515168, 46.870967 ], [ -121.505811, 46.86446 ], [ -121.497345, 46.862866 ], [ -121.494415, 46.853189 ], [ -121.485435, 46.841014 ], [ -121.484197, 46.834274 ], [ -121.474697, 46.831401 ], [ -121.470474, 46.825788 ], [ -121.472419, 46.823069 ], [ -121.472465, 46.821368 ], [ -121.474376, 46.820394 ], [ -121.460744, 46.811972 ], [ -121.457303, 46.811125 ], [ -121.457275, 46.807404 ], [ -121.453868, 46.801296 ], [ -121.449981, 46.799628 ], [ -121.44667, 46.795922 ], [ -121.442517, 46.792661 ], [ -121.44942, 46.79099 ], [ -121.455448, 46.786165 ], [ -121.453004, 46.777241 ], [ -121.447574, 46.772458 ], [ -121.446814, 46.767751 ], [ -121.44231, 46.766663 ], [ -121.438439, 46.761943 ], [ -121.442227, 46.758623 ], [ -121.431661, 46.759006 ], [ -121.424281, 46.756629 ], [ -121.424959, 46.751288 ], [ -121.431027, 46.741246 ], [ -121.42813, 46.739198 ], [ -121.412434, 46.735559 ], [ -121.406683, 46.727618 ], [ -121.402316, 46.728242 ], [ -121.396865, 46.726811 ], [ -121.381333, 46.728431 ], [ -121.367751, 46.725504 ], [ -121.360274, 46.719222 ], [ -121.353179, 46.712266 ], [ -121.355245, 46.711256 ], [ -121.361363, 46.711422 ], [ -121.369323, 46.707864 ], [ -121.371937, 46.706083 ], [ -121.37829, 46.703049 ], [ -121.380204, 46.699174 ], [ -121.374446, 46.691555 ], [ -121.377364, 46.686202 ], [ -121.384962, 46.686592 ], [ -121.398949, 46.68808 ], [ -121.403661, 46.684565 ], [ -121.408692, 46.68375 ], [ -121.411469, 46.677328 ], [ -121.412858, 46.673686 ], [ -121.412407, 46.665072 ], [ -121.416468, 46.659521 ], [ -121.415221, 46.650039 ], [ -121.410038, 46.648244 ], [ -121.396031, 46.646415 ], [ -121.397978, 46.641518 ], [ -121.387565, 46.637528 ], [ -121.387234, 46.633157 ], [ -121.389185, 46.625655 ], [ -121.387571, 46.619668 ], [ -121.391679, 46.616058 ], [ -121.400529, 46.610987 ], [ -121.400982, 46.607758 ], [ -120.887963, 46.607139 ], [ -120.88673, 46.621426 ], [ -120.87975, 46.622044 ], [ -120.86928, 46.63133 ], [ -120.867207, 46.635333 ], [ -120.848569, 46.648293 ], [ -120.838892, 46.661483 ], [ -120.833309, 46.663584 ], [ -120.822892, 46.665089 ], [ -120.820421, 46.665069 ], [ -120.813535, 46.665888 ], [ -120.799569, 46.66369 ], [ -120.783527, 46.664115 ], [ -120.762206, 46.661068 ], [ -120.76221, 46.665304 ], [ -120.729397, 46.666321 ], [ -120.730921, 46.670478 ], [ -120.733082, 46.672583 ], [ -120.720884, 46.672841 ], [ -120.720938, 46.671077 ], [ -120.714269, 46.671059 ], [ -120.710336, 46.667113 ], [ -120.710308, 46.676508 ], [ -120.700442, 46.671252 ], [ -120.699781, 46.670036 ], [ -120.696071, 46.670033 ], [ -120.69746, 46.67641 ], [ -120.693786, 46.675882 ], [ -120.688711, 46.674792 ], [ -120.678649, 46.667336 ], [ -120.678446, 46.687717 ], [ -120.653001, 46.687383 ], [ -120.647343, 46.680209 ], [ -120.631317, 46.670436 ], [ -120.630434, 46.676611 ], [ -120.622457, 46.674924 ], [ -120.620444, 46.683758 ], [ -120.605311, 46.683771 ], [ -120.60105, 46.684404 ], [ -120.600546, 46.680736 ], [ -120.595096, 46.680337 ], [ -120.586628, 46.683437 ], [ -120.586406, 46.680071 ], [ -120.583674, 46.68006 ], [ -120.582098, 46.670173 ], [ -120.578593, 46.669527 ], [ -120.578114, 46.665564 ], [ -120.568021, 46.663615 ], [ -120.562764, 46.660798 ], [ -120.562321, 46.672636 ], [ -120.547027, 46.671757 ], [ -120.543122, 46.669216 ], [ -120.537699, 46.66883 ], [ -120.537821, 46.667487 ], [ -120.535838, 46.666999 ], [ -120.535875, 46.668828 ], [ -120.531218, 46.668746 ], [ -120.529617, 46.666217 ], [ -120.527899, 46.666971 ], [ -120.525143, 46.665656 ], [ -120.521572, 46.665081 ], [ -120.520491, 46.666884 ], [ -120.516631, 46.666855 ], [ -120.516803, 46.665013 ], [ -120.521811, 46.658433 ], [ -120.521315, 46.655518 ], [ -120.519875, 46.650438 ], [ -120.514532, 46.650411 ], [ -120.514557, 46.646865 ], [ -120.506745, 46.647224 ], [ -120.503886, 46.648019 ], [ -120.52369, 46.637842 ], [ -120.521497, 46.633829 ], [ -120.515496, 46.629764 ], [ -120.511849, 46.630512 ], [ -120.502829, 46.627214 ], [ -120.49996, 46.624376 ], [ -120.490683, 46.622077 ], [ -120.487865, 46.613376 ], [ -120.488325, 46.609549 ], [ -120.481471, 46.606182 ], [ -120.472124, 46.603796 ], [ -120.470707, 46.602613 ], [ -120.472491, 46.59955 ], [ -120.466409, 46.587925 ], [ -120.460501, 46.583519 ], [ -120.461817, 46.581085 ], [ -120.454243, 46.577185 ], [ -120.440218, 46.576379 ], [ -120.394103, 46.55749 ] ] ], [ [ [ -120.535838, 46.666999 ], [ -120.537352, 46.665187 ], [ -120.533102, 46.665161 ], [ -120.533076, 46.666978 ], [ -120.535838, 46.666999 ] ] ] ] } },
{ "type": "Feature", "properties": { "Name": "21st LD", "DISTRICT": "21" }, "geometry": { "type": "MultiPolygon", "coordinates": [ [ [ [ -122.366495, 47.790508 ], [ -122.361509, 47.791288 ], [ -122.359958, 47.792379 ], [ -122.356128, 47.792926 ], [ -122.356214, 47.799598 ], [ -122.33566, 47.799312 ], [ -122.335611, 47.796716 ], [ -122.331334, 47.795978 ], [ -122.330141, 47.799627 ], [ -122.331735, 47.799655 ], [ -122.326446, 47.809086 ], [ -122.328738, 47.809589 ], [ -122.334808, 47.81058 ], [ -122.337239, 47.820944 ], [ -122.336939, 47.826864 ], [ -122.337757, 47.831541 ], [ -122.331955, 47.830274 ], [ -122.325027, 47.837162 ], [ -122.321208, 47.843405 ], [ -122.315882, 47.846622 ], [ -122.314378, 47.847567 ], [ -122.313266, 47.85033 ], [ -122.309021, 47.850306 ], [ -122.309029, 47.849143 ], [ -122.296291, 47.847242 ], [ -122.29255, 47.850174 ], [ -122.292128, 47.849274 ], [ -122.286803, 47.850446 ], [ -122.280255, 47.847426 ], [ -122.274952, 47.846528 ], [ -122.272427, 47.837031 ], [ -122.253751, 47.826981 ], [ -122.251078, 47.831465 ], [ -122.246496, 47.832177 ], [ -122.246028, 47.839551 ], [ -122.240418, 47.838974 ], [ -122.236168, 47.838254 ], [ -122.231728, 47.841817 ], [ -122.227645, 47.841697 ], [ -122.227603, 47.834753 ], [ -122.222946, 47.834972 ], [ -122.223979, 47.846627 ], [ -122.227759, 47.847996 ], [ -122.22795, 47.867429 ], [ -122.226527, 47.871044 ], [ -122.223003, 47.871544 ], [ -122.223069, 47.878269 ], [ -122.219364, 47.878229 ], [ -122.219874, 47.879069 ], [ -122.218911, 47.879805 ], [ -122.217387, 47.879418 ], [ -122.217332, 47.892521 ], [ -122.222183, 47.891942 ], [ -122.221311, 47.892775 ], [ -122.222986, 47.893733 ], [ -122.223182, 47.896471 ], [ -122.228054, 47.896752 ], [ -122.227844, 47.899343 ], [ -122.22604, 47.900585 ], [ -122.228087, 47.900749 ], [ -122.229256, 47.907948 ], [ -122.245376, 47.903355 ], [ -122.249371, 47.900085 ], [ -122.261952, 47.898384 ], [ -122.25909, 47.90134 ], [ -122.260012, 47.907195 ], [ -122.257954, 47.908763 ], [ -122.257961, 47.914348 ], [ -122.260677, 47.914669 ], [ -122.26043, 47.91822 ], [ -122.258257, 47.918139 ], [ -122.259148, 47.922718 ], [ -122.260851, 47.922693 ], [ -122.262252, 47.935477 ], [ -122.267843, 47.937079 ], [ -122.271886, 47.93868 ], [ -122.27411, 47.939919 ], [ -122.27302, 47.953447 ], [ -122.290078, 47.95111 ], [ -122.291105, 47.956504 ], [ -122.309922, 47.952342 ], [ -122.328489, 47.961718 ], [ -122.333348, 47.933217 ], [ -122.348848, 47.914717 ], [ -122.353198, 47.89967 ], [ -122.366821, 47.884106 ], [ -122.413095, 47.849452 ], [ -122.422947, 47.838518 ], [ -122.439091, 47.806598 ], [ -122.440605, 47.803127 ], [ -122.38301, 47.803274 ], [ -122.382951, 47.799768 ], [ -122.377001, 47.79907 ], [ -122.37471, 47.795513 ], [ -122.366495, 47.790508 ] ] ] ] } },
{ "type": "Feature", "properties": { "Name": "23rd LD", "DISTRICT": "23" }, "geometry": { "type": "MultiPolygon", "coordinates": [ [ [ [ -122.51701, 47.563103 ], [ -122.50166, 47.561018 ], [ -122.484763, 47.563976 ], [ -122.454746, 47.576391 ], [ -122.446859, 47.599162 ], [ -122.447298, 47.613069 ], [ -122.454985, 47.627192 ], [ -122.453181, 47.646248 ], [ -122.459709, 47.675379 ], [ -122.454756, 47.690489 ], [ -122.444314, 47.707646 ], [ -122.436612, 47.715198 ], [ -122.431994, 47.732405 ], [ -122.427029, 47.749687 ], [ -122.431206, 47.766464 ], [ -122.442093, 47.785347 ], [ -122.441207, 47.801597 ], [ -122.429763, 47.828731 ], [ -122.433578, 47.843624 ], [ -122.444428, 47.855503 ], [ -122.47444, 47.882671 ], [ -122.485982, 47.903596 ], [ -122.494874, 47.923349 ], [ -122.505216, 47.931577 ], [ -122.569853, 47.949517 ], [ -122.588994, 47.959173 ], [ -122.60676, 47.972953 ], [ -122.624197, 47.963182 ], [ -122.634485, 47.951311 ], [ -122.637411, 47.9417 ], [ -122.632138, 47.918303 ], [ -122.623278, 47.906434 ], [ -122.599426, 47.893943 ], [ -122.595401, 47.883989 ], [ -122.599364, 47.874815 ], [ -122.653648, 47.839503 ], [ -122.716379, 47.793658 ], [ -122.733246, 47.769488 ], [ -122.743829, 47.746884 ], [ -122.76173, 47.726555 ], [ -122.765877, 47.713443 ], [ -122.762432, 47.701492 ], [ -122.757494, 47.692357 ], [ -122.763711, 47.682157 ], [ -122.77049, 47.677523 ], [ -122.766254, 47.673512 ], [ -122.748864, 47.673093 ], [ -122.748751, 47.672052 ], [ -122.72081, 47.671395 ], [ -122.717444, 47.666914 ], [ -122.712203, 47.664689 ], [ -122.708137, 47.664744 ], [ -122.703575, 47.666585 ], [ -122.703484, 47.661199 ], [ -122.700402, 47.661098 ], [ -122.705871, 47.656345 ], [ -122.706628, 47.64483 ], [ -122.708447, 47.638318 ], [ -122.710114, 47.635531 ], [ -122.707724, 47.634547 ], [ -122.703999, 47.634231 ], [ -122.708078, 47.620505 ], [ -122.708357, 47.615916 ], [ -122.708825, 47.613907 ], [ -122.686309, 47.613898 ], [ -122.682455, 47.604416 ], [ -122.683103, 47.594882 ], [ -122.695444, 47.59635 ], [ -122.698951, 47.596331 ], [ -122.698401, 47.584068 ], [ -122.688928, 47.578677 ], [ -122.684271, 47.569598 ], [ -122.667232, 47.568498 ], [ -122.660633, 47.571572 ], [ -122.654364, 47.571029 ], [ -122.653247, 47.572885 ], [ -122.644149, 47.572864 ], [ -122.644248, 47.574649 ], [ -122.640893, 47.573818 ], [ -122.637751, 47.572846 ], [ -122.63773, 47.574634 ], [ -122.634249, 47.57455 ], [ -122.634212, 47.572819 ], [ -122.629312, 47.573506 ], [ -122.626321, 47.572489 ], [ -122.623511, 47.574256 ], [ -122.617067, 47.567628 ], [ -122.610444, 47.563709 ], [ -122.589936, 47.577443 ], [ -122.567765, 47.588183 ], [ -122.551784, 47.594528 ], [ -122.545547, 47.592391 ], [ -122.534617, 47.571575 ], [ -122.51701, 47.563103 ] ] ] ] } },
{ "type": "Feature", "properties": { "Name": "25th LD", "DISTRICT": "25" }, "geometry": { "type": "MultiPolygon", "coordinates": [ [ [ [ -122.356865, 47.092828 ], [ -122.352186, 47.087317 ], [ -122.347478, 47.078472 ], [ -122.33707, 47.078886 ], [ -122.336222, 47.081942 ], [ -122.325623, 47.081925 ], [ -122.326027, 47.085253 ], [ -122.314962, 47.085158 ], [ -122.314501, 47.081908 ], [ -122.293799, 47.081873 ], [ -122.293561, 47.096461 ], [ -122.272203, 47.096373 ], [ -122.272367, 47.089882 ], [ -122.261493, 47.085206 ], [ -122.245576, 47.083533 ], [ -122.232217, 47.085595 ], [ -122.233369, 47.092703 ], [ -122.23661, 47.097107 ], [ -122.238946, 47.108244 ], [ -122.234788, 47.108508 ], [ -122.234661, 47.113723 ], [ -122.227531, 47.113757 ], [ -122.231188, 47.119441 ], [ -122.2201, 47.121793 ], [ -122.221291, 47.125458 ], [ -122.230734, 47.125863 ], [ -122.232039, 47.131653 ], [ -122.225819, 47.14279 ], [ -122.225187, 47.146559 ], [ -122.220435, 47.151055 ], [ -122.220067, 47.155602 ], [ -122.212435, 47.157204 ], [ -122.212933, 47.158367 ], [ -122.229003, 47.1579 ], [ -122.229313, 47.184349 ], [ -122.241459, 47.184409 ], [ -122.241488, 47.185933 ], [ -122.24023, 47.189257 ], [ -122.248228, 47.196229 ], [ -122.257166, 47.199277 ], [ -122.253682, 47.200884 ], [ -122.255834, 47.202514 ], [ -122.252852, 47.203356 ], [ -122.293587, 47.212179 ], [ -122.320604, 47.220563 ], [ -122.320399, 47.207017 ], [ -122.340606, 47.213489 ], [ -122.367872, 47.226775 ], [ -122.393402, 47.236951 ], [ -122.394452, 47.191755 ], [ -122.395908, 47.191752 ], [ -122.398004, 47.158238 ], [ -122.414637, 47.159001 ], [ -122.414395, 47.135026 ], [ -122.399283, 47.130606 ], [ -122.382687, 47.124054 ], [ -122.373863, 47.117026 ], [ -122.357551, 47.110852 ], [ -122.356865, 47.092828 ] ] ] ] } },
{ "type": "Feature", "properties": { "Name": "26th LD", "DISTRICT": "26" }, "geometry": { "type": "MultiPolygon", "coordinates": [ [ [ [ -122.805701, 47.186578 ], [ -122.79791, 47.178109 ], [ -122.792402, 47.175132 ], [ -122.785381, 47.164107 ], [ -122.772515, 47.153471 ], [ -122.764981, 47.14897 ], [ -122.760735, 47.141975 ], [ -122.759741, 47.146058 ], [ -122.751064, 47.155194 ], [ -122.741949, 47.166854 ], [ -122.720425, 47.188779 ], [ -122.711036, 47.195957 ], [ -122.731042, 47.199518 ], [ -122.731408, 47.206768 ], [ -122.716542, 47.219218 ], [ -122.711242, 47.230518 ], [ -122.675341, 47.251319 ], [ -122.622139, 47.209219 ], [ -122.600538, 47.209719 ], [ -122.575538, 47.22952 ], [ -122.551841, 47.268672 ], [ -122.543263, 47.281112 ], [ -122.541238, 47.29372 ], [ -122.560339, 47.316119 ], [ -122.533474, 47.332082 ], [ -122.541486, 47.346907 ], [ -122.537998, 47.359881 ], [ -122.528424, 47.374985 ], [ -122.532655, 47.385046 ], [ -122.539814, 47.39444 ], [ -122.533167, 47.409425 ], [ -122.524499, 47.423871 ], [ -122.520888, 47.456442 ], [ -122.511619, 47.473418 ], [ -122.486019, 47.505212 ], [ -122.481839, 47.51958 ], [ -122.470689, 47.527889 ], [ -122.452359, 47.536576 ], [ -122.444854, 47.543333 ], [ -122.445159, 47.557759 ], [ -122.454766, 47.573685 ], [ -122.454781, 47.576186 ], [ -122.489129, 47.562628 ], [ -122.508175, 47.56124 ], [ -122.528751, 47.567833 ], [ -122.538305, 47.576309 ], [ -122.545547, 47.592391 ], [ -122.551784, 47.594528 ], [ -122.572982, 47.5864 ], [ -122.604374, 47.568665 ], [ -122.610444, 47.563709 ], [ -122.621097, 47.570908 ], [ -122.623511, 47.574256 ], [ -122.628172, 47.572529 ], [ -122.629312, 47.573506 ], [ -122.634212, 47.572819 ], [ -122.635593, 47.574654 ], [ -122.63773, 47.574634 ], [ -122.637751, 47.572846 ], [ -122.640893, 47.573818 ], [ -122.644248, 47.574649 ], [ -122.644149, 47.572864 ], [ -122.653247, 47.572885 ], [ -122.654364, 47.571029 ], [ -122.656489, 47.570361 ], [ -122.660633, 47.571572 ], [ -122.670208, 47.568288 ], [ -122.684271, 47.569598 ], [ -122.691355, 47.580514 ], [ -122.698401, 47.584068 ], [ -122.700875, 47.585452 ], [ -122.714313, 47.585442 ], [ -122.71672, 47.578195 ], [ -122.735822, 47.577876 ], [ -122.736405, 47.556087 ], [ -122.741432, 47.556083 ], [ -122.741372, 47.563286 ], [ -122.746643, 47.563271 ], [ -122.746609, 47.566911 ], [ -122.757172, 47.566833 ], [ -122.757225, 47.570424 ], [ -122.762497, 47.570491 ], [ -122.762475, 47.568695 ], [ -122.773026, 47.568825 ], [ -122.77301, 47.567028 ], [ -122.778291, 47.567091 ], [ -122.778261, 47.563494 ], [ -122.77299, 47.563433 ], [ -122.773015, 47.559836 ], [ -122.778295, 47.559892 ], [ -122.778346, 47.55269 ], [ -122.783617, 47.552716 ], [ -122.783784, 47.545514 ], [ -122.789124, 47.545558 ], [ -122.78892, 47.549118 ], [ -122.794357, 47.548984 ], [ -122.794509, 47.545598 ], [ -122.805206, 47.544844 ], [ -122.805419, 47.538556 ], [ -122.80023, 47.538438 ], [ -122.799971, 47.523995 ], [ -122.779151, 47.523869 ], [ -122.779092, 47.525532 ], [ -122.768473, 47.525086 ], [ -122.769123, 47.516998 ], [ -122.774053, 47.516813 ], [ -122.776065, 47.510009 ], [ -122.778018, 47.510014 ], [ -122.778091, 47.506635 ], [ -122.776432, 47.505733 ], [ -122.779542, 47.504781 ], [ -122.778387, 47.484052 ], [ -122.783858, 47.48219 ], [ -122.792166, 47.47641 ], [ -122.789791, 47.474138 ], [ -122.793292, 47.471728 ], [ -122.796396, 47.473567 ], [ -122.798567, 47.47208 ], [ -122.796569, 47.469467 ], [ -122.798554, 47.468099 ], [ -122.800491, 47.469391 ], [ -122.800233, 47.46195 ], [ -122.777916, 47.461617 ], [ -122.777823, 47.466597 ], [ -122.772999, 47.46475 ], [ -122.772416, 47.469167 ], [ -122.768061, 47.469218 ], [ -122.76704, 47.465627 ], [ -122.753313, 47.464467 ], [ -122.736087, 47.463895 ], [ -122.723584, 47.465257 ], [ -122.717711, 47.46939 ], [ -122.697634, 47.474574 ], [ -122.681328, 47.476291 ], [ -122.665666, 47.485499 ], [ -122.661561, 47.494088 ], [ -122.653135, 47.493973 ], [ -122.653173, 47.48572 ], [ -122.640837, 47.48313 ], [ -122.635376, 47.484216 ], [ -122.632771, 47.485545 ], [ -122.631388, 47.462229 ], [ -122.631079, 47.446917 ], [ -122.644456, 47.446861 ], [ -122.644438, 47.443221 ], [ -122.649751, 47.443213 ], [ -122.649707, 47.43961 ], [ -122.652431, 47.439653 ], [ -122.652443, 47.428614 ], [ -122.66235, 47.428656 ], [ -122.668742, 47.414218 ], [ -122.66753, 47.405505 ], [ -122.665116, 47.403922 ], [ -122.801102, 47.403577 ], [ -122.801445, 47.35528 ], [ -122.8076, 47.347039 ], [ -122.803864, 47.329954 ], [ -122.812094, 47.308662 ], [ -122.833262, 47.288962 ], [ -122.847739, 47.275853 ], [ -122.852757, 47.260737 ], [ -122.850042, 47.247532 ], [ -122.833241, 47.223349 ], [ -122.824655, 47.216845 ], [ -122.820737, 47.194858 ], [ -122.805701, 47.186578 ] ] ] ] } },
{ "type": "Feature", "properties": { "Name": "27th LD", "DISTRICT": "27" }, "geometry": { "type": "MultiPolygon", "coordinates": [ [ [ [ -122.505304, 47.206893 ], [ -122.476256, 47.206499 ], [ -122.47277, 47.21478 ], [ -122.435953, 47.213614 ], [ -122.434018, 47.218375 ], [ -122.434056, 47.230171 ], [ -122.428983, 47.230784 ], [ -122.431212, 47.233391 ], [ -122.415162, 47.238599 ], [ -122.398717, 47.240231 ], [ -122.376049, 47.229864 ], [ -122.345643, 47.21635 ], [ -122.331187, 47.209826 ], [ -122.320399, 47.207017 ], [ -122.321758, 47.230005 ], [ -122.327572, 47.239051 ], [ -122.328818, 47.2427 ], [ -122.330927, 47.242664 ], [ -122.33095, 47.244357 ], [ -122.335761, 47.242941 ], [ -122.336249, 47.248109 ], [ -122.336214, 47.251188 ], [ -122.338938, 47.25177 ], [ -122.340121, 47.26461 ], [ -122.336992, 47.264582 ], [ -122.437252, 47.333717 ], [ -122.463176, 47.320798 ], [ -122.484064, 47.317329 ], [ -122.506625, 47.318741 ], [ -122.525652, 47.3254 ], [ -122.533474, 47.332082 ], [ -122.560339, 47.316119 ], [ -122.541238, 47.29372 ], [ -122.544138, 47.27792 ], [ -122.565437, 47.24682 ], [ -122.560086, 47.246144 ], [ -122.559271, 47.242744 ], [ -122.552865, 47.242703 ], [ -122.552396, 47.241549 ], [ -122.554066, 47.241588 ], [ -122.552998, 47.240288 ], [ -122.550961, 47.240243 ], [ -122.551027, 47.242678 ], [ -122.549402, 47.242684 ], [ -122.549011, 47.240198 ], [ -122.546927, 47.240734 ], [ -122.546354, 47.242678 ], [ -122.54236, 47.24268 ], [ -122.540647, 47.241277 ], [ -122.531348, 47.242695 ], [ -122.506145, 47.242901 ], [ -122.505304, 47.206893 ] ] ], [ [ [ -122.552998, 47.240288 ], [ -122.557713, 47.240392 ], [ -122.561056, 47.237037 ], [ -122.554784, 47.235305 ], [ -122.552358, 47.235273 ], [ -122.552998, 47.240288 ] ] ] ] } },
{ "type": "Feature", "properties": { "Name": "28th LD", "DISTRICT": "28" }, "geometry": { "type": "MultiPolygon", "coordinates": [ [ [ [ -122.571726, 46.964318 ], [ -122.563251, 46.967594 ], [ -122.568477, 46.969243 ], [ -122.558514, 46.988057 ], [ -122.558695, 47.001981 ], [ -122.553216, 47.002192 ], [ -122.553219, 47.003109 ], [ -122.547773, 47.003463 ], [ -122.544548, 47.007448 ], [ -122.542107, 47.006438 ], [ -122.54189, 47.004727 ], [ -122.539141, 47.00842 ], [ -122.534959, 47.00683 ], [ -122.533308, 47.005345 ], [ -122.524551, 47.008972 ], [ -122.492201, 47.033133 ], [ -122.441735, 47.031546 ], [ -122.412853, 47.021132 ], [ -122.369506, 47.020319 ], [ -122.375842, 47.028203 ], [ -122.373958, 47.031193 ], [ -122.373882, 47.038375 ], [ -122.384566, 47.038888 ], [ -122.389747, 47.045963 ], [ -122.38026, 47.045883 ], [ -122.379859, 47.047429 ], [ -122.376784, 47.047669 ], [ -122.376701, 47.053112 ], [ -122.398047, 47.053406 ], [ -122.400269, 47.057554 ], [ -122.400324, 47.079216 ], [ -122.403114, 47.07992 ], [ -122.403509, 47.081767 ], [ -122.428011, 47.082786 ], [ -122.429162, 47.097265 ], [ -122.451288, 47.097468 ], [ -122.450741, 47.101258 ], [ -122.458553, 47.108468 ], [ -122.458548, 47.123691 ], [ -122.469163, 47.12752 ], [ -122.469513, 47.132337 ], [ -122.466259, 47.132222 ], [ -122.466072, 47.136043 ], [ -122.464573, 47.136035 ], [ -122.464813, 47.138755 ], [ -122.467634, 47.13882 ], [ -122.469515, 47.143638 ], [ -122.467339, 47.149062 ], [ -122.467762, 47.160069 ], [ -122.47844, 47.162816 ], [ -122.483578, 47.159938 ], [ -122.485111, 47.160798 ], [ -122.490595, 47.159382 ], [ -122.496775, 47.159435 ], [ -122.496774, 47.162464 ], [ -122.494782, 47.162459 ], [ -122.490971, 47.17637 ], [ -122.494561, 47.176505 ], [ -122.49377, 47.18029 ], [ -122.501465, 47.180142 ], [ -122.50555, 47.181602 ], [ -122.508581, 47.184771 ], [ -122.508772, 47.192006 ], [ -122.515735, 47.191966 ], [ -122.51593, 47.195599 ], [ -122.521234, 47.196286 ], [ -122.520327, 47.19917 ], [ -122.508812, 47.19921 ], [ -122.508669, 47.194352 ], [ -122.506013, 47.19434 ], [ -122.506171, 47.202747 ], [ -122.507742, 47.203521 ], [ -122.505257, 47.209441 ], [ -122.506145, 47.242901 ], [ -122.539766, 47.242123 ], [ -122.541855, 47.241695 ], [ -122.54236, 47.24268 ], [ -122.546354, 47.242678 ], [ -122.546927, 47.240734 ], [ -122.549011, 47.240198 ], [ -122.549402, 47.242684 ], [ -122.551027, 47.242678 ], [ -122.550961, 47.240243 ], [ -122.552998, 47.240288 ], [ -122.554066, 47.241588 ], [ -122.552396, 47.241549 ], [ -122.552865, 47.242703 ], [ -122.559271, 47.242744 ], [ -122.560086, 47.246144 ], [ -122.565437, 47.24682 ], [ -122.575538, 47.22952 ], [ -122.600538, 47.209719 ], [ -122.622139, 47.209219 ], [ -122.675341, 47.251319 ], [ -122.711242, 47.230518 ], [ -122.716542, 47.219218 ], [ -122.732542, 47.205818 ], [ -122.731042, 47.199518 ], [ -122.711036, 47.195957 ], [ -122.722637, 47.187089 ], [ -122.750201, 47.158208 ], [ -122.751064, 47.155194 ], [ -122.759741, 47.146058 ], [ -122.759219, 47.141043 ], [ -122.715653, 47.118289 ], [ -122.698197, 47.116001 ], [ -122.692577, 47.097359 ], [ -122.697356, 47.093067 ], [ -122.698165, 47.088546 ], [ -122.707548, 47.085264 ], [ -122.706422, 47.080316 ], [ -122.707198, 47.076362 ], [ -122.700817, 47.067374 ], [ -122.70259, 47.064061 ], [ -122.696341, 47.061874 ], [ -122.695594, 47.059426 ], [ -122.689943, 47.056821 ], [ -122.693206, 47.053291 ], [ -122.684378, 47.050708 ], [ -122.676525, 47.04075 ], [ -122.675495, 47.037195 ], [ -122.680186, 47.029345 ], [ -122.672756, 47.023011 ], [ -122.674516, 47.019796 ], [ -122.670821, 47.014604 ], [ -122.65857, 47.009026 ], [ -122.657413, 47.005727 ], [ -122.659816, 47.003702 ], [ -122.655623, 47.003618 ], [ -122.650622, 47.007317 ], [ -122.645075, 47.003321 ], [ -122.639352, 47.001201 ], [ -122.640348, 46.99947 ], [ -122.635306, 46.998481 ], [ -122.630302, 46.998339 ], [ -122.631517, 46.988082 ], [ -122.638432, 46.979975 ], [ -122.634986, 46.975447 ], [ -122.627365, 46.970929 ], [ -122.616295, 46.969211 ], [ -122.611652, 46.967236 ], [ -122.610591, 46.976795 ], [ -122.601174, 46.976116 ], [ -122.593077, 46.974046 ], [ -122.583669, 46.974787 ], [ -122.580055, 46.977502 ], [ -122.575442, 46.971291 ], [ -122.587073, 46.970482 ], [ -122.586394, 46.966407 ], [ -122.583378, 46.967454 ], [ -122.578879, 46.968219 ], [ -122.574334, 46.96628 ], [ -122.571726, 46.964318 ] ], [ [ -122.552998, 47.240288 ], [ -122.552358, 47.235273 ], [ -122.558378, 47.235349 ], [ -122.561056, 47.237037 ], [ -122.557713, 47.240392 ], [ -122.552998, 47.240288 ] ] ] ] } },
{ "type": "Feature", "properties": { "Name": "29th LD", "DISTRICT": "29" }, "geometry": { "type": "MultiPolygon", "coordinates": [ [ [ [ -122.413312, 47.08245 ], [ -122.412304, 47.086076 ], [ -122.410117, 47.093495 ], [ -122.407921, 47.092507 ], [ -122.407929, 47.093891 ], [ -122.410769, 47.094607 ], [ -122.410754, 47.097003 ], [ -122.389713, 47.09677 ], [ -122.388346, 47.118536 ], [ -122.377072, 47.118831 ], [ -122.388648, 47.127324 ], [ -122.413052, 47.134724 ], [ -122.415709, 47.136881 ], [ -122.414637, 47.159001 ], [ -122.398004, 47.158238 ], [ -122.395908, 47.191752 ], [ -122.394452, 47.191755 ], [ -122.39427, 47.237814 ], [ -122.399685, 47.24097 ], [ -122.422286, 47.23665 ], [ -122.431212, 47.233391 ], [ -122.428983, 47.230784 ], [ -122.434056, 47.230171 ], [ -122.43477, 47.215195 ], [ -122.437482, 47.213617 ], [ -122.47277, 47.21478 ], [ -122.476256, 47.206499 ], [ -122.505618, 47.205819 ], [ -122.507742, 47.203521 ], [ -122.505621, 47.201841 ], [ -122.506013, 47.19434 ], [ -122.508669, 47.194352 ], [ -122.508812, 47.19921 ], [ -122.52127, 47.198418 ], [ -122.521234, 47.196286 ], [ -122.51593, 47.195599 ], [ -122.515735, 47.191966 ], [ -122.508772, 47.192006 ], [ -122.507524, 47.183078 ], [ -122.503506, 47.180326 ], [ -122.495057, 47.180024 ], [ -122.49377, 47.18029 ], [ -122.494561, 47.176505 ], [ -122.490971, 47.17637 ], [ -122.494782, 47.162459 ], [ -122.496759, 47.16144 ], [ -122.496775, 47.159435 ], [ -122.486358, 47.159897 ], [ -122.483904, 47.161187 ], [ -122.483578, 47.159938 ], [ -122.47844, 47.162816 ], [ -122.467762, 47.160069 ], [ -122.468255, 47.145015 ], [ -122.469126, 47.141337 ], [ -122.467634, 47.13882 ], [ -122.464813, 47.138755 ], [ -122.464573, 47.136035 ], [ -122.466072, 47.136043 ], [ -122.466259, 47.132222 ], [ -122.469513, 47.132337 ], [ -122.469163, 47.12752 ], [ -122.458548, 47.123691 ], [ -122.457559, 47.106273 ], [ -122.449786, 47.100471 ], [ -122.451288, 47.097468 ], [ -122.429162, 47.097265 ], [ -122.428011, 47.082786 ], [ -122.413312, 47.08245 ] ] ] ] } },
{ "type": "Feature", "properties": { "Name": "30th LD", "DISTRICT": "30" }, "geometry": { "type": "MultiPolygon", "coordinates": [ [ [ [ -122.293277, 47.259678 ], [ -122.291152, 47.257202 ], [ -122.229229, 47.257923 ], [ -122.229678, 47.266013 ], [ -122.215031, 47.274952 ], [ -122.208134, 47.27492 ], [ -122.208006, 47.284107 ], [ -122.212235, 47.284075 ], [ -122.213383, 47.302816 ], [ -122.218692, 47.300893 ], [ -122.218659, 47.30338 ], [ -122.256552, 47.302833 ], [ -122.270997, 47.303539 ], [ -122.270121, 47.343387 ], [ -122.266069, 47.343584 ], [ -122.265083, 47.349347 ], [ -122.263691, 47.352744 ], [ -122.27138, 47.357781 ], [ -122.309094, 47.358749 ], [ -122.307613, 47.361537 ], [ -122.313244, 47.361552 ], [ -122.313239, 47.36461 ], [ -122.316642, 47.365144 ], [ -122.318725, 47.367489 ], [ -122.322285, 47.367339 ], [ -122.322311, 47.365607 ], [ -122.329904, 47.365305 ], [ -122.329706, 47.350222 ], [ -122.373535, 47.365521 ], [ -122.437252, 47.333717 ], [ -122.334913, 47.26195 ], [ -122.334246, 47.257369 ], [ -122.330916, 47.257951 ], [ -122.322752, 47.264549 ], [ -122.316383, 47.2645 ], [ -122.316416, 47.262716 ], [ -122.313805, 47.262734 ], [ -122.313826, 47.261263 ], [ -122.310971, 47.261987 ], [ -122.307541, 47.263909 ], [ -122.297964, 47.260872 ], [ -122.293277, 47.259678 ] ] ] ] } },
{ "type": "Feature", "properties": { "Name": "31st LD", "DISTRICT": "31" }, "geometry": { "type": "MultiPolygon", "coordinates": [ [ [ [ -121.729176, 46.907387 ], [ -121.497774, 46.90739 ], [ -121.489649, 46.910014 ], [ -121.484954, 46.912835 ], [ -121.474521, 46.913634 ], [ -121.468692, 46.917841 ], [ -121.465489, 46.920437 ], [ -121.456364, 46.92385 ], [ -121.456671, 46.928532 ], [ -121.449464, 46.934353 ], [ -121.452382, 46.944767 ], [ -121.45051, 46.948785 ], [ -121.453311, 46.9545 ], [ -121.453239, 46.956989 ], [ -121.45838, 46.96057 ], [ -121.457568, 46.964241 ], [ -121.441926, 46.973471 ], [ -121.446327, 46.979709 ], [ -121.4254, 46.988188 ], [ -121.420912, 46.988577 ], [ -121.417336, 46.993169 ], [ -121.413769, 46.995048 ], [ -121.409122, 46.995189 ], [ -121.406659, 47.00075 ], [ -121.4094, 47.004063 ], [ -121.404456, 47.01449 ], [ -121.396276, 47.019169 ], [ -121.395822, 47.024797 ], [ -121.397493, 47.030185 ], [ -121.399427, 47.03387 ], [ -121.38647, 47.047045 ], [ -121.385032, 47.049459 ], [ -121.379045, 47.052529 ], [ -121.378609, 47.054358 ], [ -121.374235, 47.057493 ], [ -121.376579, 47.064975 ], [ -121.37539, 47.073279 ], [ -121.379811, 47.076899 ], [ -121.38354, 47.084406 ], [ -121.377617, 47.088281 ], [ -121.377607, 47.09013 ], [ -121.382014, 47.092747 ], [ -121.383871, 47.094978 ], [ -121.392124, 47.092031 ], [ -121.402799, 47.099448 ], [ -121.399058, 47.104598 ], [ -121.403713, 47.10823 ], [ -121.407534, 47.118728 ], [ -121.404282, 47.121546 ], [ -121.394483, 47.129658 ], [ -121.392646, 47.133009 ], [ -121.378238, 47.137211 ], [ -121.362417, 47.141473 ], [ -121.355413, 47.140287 ], [ -121.348015, 47.138036 ], [ -121.336328, 47.133721 ], [ -121.333363, 47.133133 ], [ -121.319431, 47.134857 ], [ -121.314288, 47.134533 ], [ -121.302762, 47.139968 ], [ -121.2989, 47.147975 ], [ -121.298694, 47.149225 ], [ -121.307413, 47.16249 ], [ -121.313378, 47.165752 ], [ -121.317711, 47.174403 ], [ -121.310117, 47.182425 ], [ -121.308832, 47.185582 ], [ -121.306226, 47.189663 ], [ -121.31135, 47.200072 ], [ -121.309767, 47.204509 ], [ -121.313318, 47.208242 ], [ -121.3176, 47.212131 ], [ -121.335425, 47.21919 ], [ -121.342578, 47.218406 ], [ -121.355377, 47.221834 ], [ -121.365138, 47.224563 ], [ -121.364026, 47.228227 ], [ -121.358405, 47.23525 ], [ -121.360167, 47.239885 ], [ -121.353877, 47.242123 ], [ -121.342573, 47.247144 ], [ -121.339162, 47.24808 ], [ -121.337013, 47.25338 ], [ -121.332955, 47.255918 ], [ -121.332088, 47.258869 ], [ -121.335305, 47.260277 ], [ -121.339246, 47.273101 ], [ -121.339282, 47.276665 ], [ -121.341125, 47.280027 ], [ -121.343846, 47.282664 ], [ -121.353436, 47.283976 ], [ -121.360561, 47.28683 ], [ -121.361397, 47.291849 ], [ -121.368517, 47.289742 ], [ -121.370609, 47.288026 ], [ -121.3698, 47.285706 ], [ -121.376622, 47.285778 ], [ -121.389151, 47.286005 ], [ -121.396645, 47.288814 ], [ -121.410701, 47.289493 ], [ -121.416703, 47.293474 ], [ -121.420097, 47.286712 ], [ -121.429012, 47.290529 ], [ -121.432171, 47.294684 ], [ -121.431167, 47.297253 ], [ -121.432814, 47.305051 ], [ -121.439523, 47.306974 ], [ -121.445319, 47.30975 ], [ -121.438454, 47.317877 ], [ -121.438799, 47.324368 ], [ -121.434913, 47.329113 ], [ -121.431532, 47.330848 ], [ -121.430733, 47.334869 ], [ -121.439313, 47.343711 ], [ -121.461972, 47.343608 ], [ -121.461979, 47.339249 ], [ -121.716399, 47.34071 ], [ -121.717141, 47.342096 ], [ -121.720125, 47.342714 ], [ -121.72062, 47.265974 ], [ -121.721944, 47.255977 ], [ -121.845329, 47.256472 ], [ -121.845293, 47.227508 ], [ -121.946391, 47.228012 ], [ -121.946475, 47.220739 ], [ -121.962541, 47.220988 ], [ -121.963307, 47.228127 ], [ -122.037559, 47.228232 ], [ -122.039177, 47.238202 ], [ -122.045068, 47.242734 ], [ -122.101637, 47.2427 ], [ -122.101659, 47.244552 ], [ -122.091609, 47.24455 ], [ -122.090974, 47.250029 ], [ -122.080238, 47.250077 ], [ -122.081165, 47.264591 ], [ -122.091579, 47.265048 ], [ -122.089119, 47.26873 ], [ -122.086215, 47.271028 ], [ -122.087538, 47.27096 ], [ -122.088742, 47.278366 ], [ -122.087594, 47.281071 ], [ -122.085383, 47.284364 ], [ -122.08119, 47.285122 ], [ -122.082469, 47.297808 ], [ -122.086375, 47.301044 ], [ -122.1037, 47.300248 ], [ -122.11897, 47.302046 ], [ -122.130905, 47.3006 ], [ -122.16949, 47.300595 ], [ -122.170262, 47.299376 ], [ -122.177059, 47.302985 ], [ -122.180883, 47.300573 ], [ -122.19755, 47.30297 ], [ -122.1998, 47.30609 ], [ -122.201788, 47.306394 ], [ -122.202849, 47.304612 ], [ -122.212876, 47.303896 ], [ -122.213356, 47.284066 ], [ -122.208006, 47.284107 ], [ -122.208134, 47.27492 ], [ -122.218984, 47.273592 ], [ -122.229678, 47.266013 ], [ -122.229208, 47.257538 ], [ -122.291152, 47.257202 ], [ -122.293277, 47.259678 ], [ -122.297964, 47.260872 ], [ -122.307541, 47.263909 ], [ -122.313831, 47.260903 ], [ -122.313805, 47.262734 ], [ -122.316416, 47.262716 ], [ -122.316383, 47.2645 ], [ -122.325044, 47.263611 ], [ -122.330991, 47.257851 ], [ -122.334246, 47.257369 ], [ -122.335874, 47.26382 ], [ -122.340121, 47.26461 ], [ -122.338938, 47.25177 ], [ -122.336214, 47.251188 ], [ -122.335963, 47.243594 ], [ -122.33095, 47.244357 ], [ -122.330927, 47.242664 ], [ -122.328818, 47.2427 ], [ -122.327572, 47.239051 ], [ -122.32384, 47.233294 ], [ -122.320483, 47.226419 ], [ -122.320601, 47.22088 ], [ -122.273678, 47.207089 ], [ -122.252852, 47.203356 ], [ -122.255834, 47.202514 ], [ -122.253682, 47.200884 ], [ -122.257147, 47.199273 ], [ -122.246196, 47.195536 ], [ -122.24023, 47.189257 ], [ -122.241459, 47.184409 ], [ -122.229313, 47.184349 ], [ -122.229003, 47.1579 ], [ -122.212697, 47.158374 ], [ -122.213015, 47.156226 ], [ -122.220067, 47.155602 ], [ -122.221631, 47.14932 ], [ -122.225812, 47.145729 ], [ -122.230024, 47.133249 ], [ -122.232474, 47.129915 ], [ -122.229658, 47.125213 ], [ -122.221291, 47.125458 ], [ -122.2201, 47.121793 ], [ -122.223854, 47.121652 ], [ -122.211379, 47.1076 ], [ -122.206712, 47.106875 ], [ -122.190923, 47.096451 ], [ -122.19196, 47.092092 ], [ -122.196274, 47.088474 ], [ -122.186746, 47.081849 ], [ -122.172013, 47.083376 ], [ -122.167391, 47.083451 ], [ -122.160875, 47.079488 ], [ -122.157819, 47.075461 ], [ -122.155605, 47.075598 ], [ -122.15121, 47.076177 ], [ -122.145342, 47.077789 ], [ -122.140616, 47.080112 ], [ -122.129715, 47.076889 ], [ -122.128304, 47.07416 ], [ -122.124019, 47.078194 ], [ -122.119472, 47.072026 ], [ -122.11523, 47.072241 ], [ -122.103092, 47.067811 ], [ -122.100646, 47.066059 ], [ -122.071126, 47.068129 ], [ -122.061515, 47.065389 ], [ -122.062049, 47.056089 ], [ -122.063942, 47.048618 ], [ -122.064005, 47.043957 ], [ -122.057537, 47.039117 ], [ -122.055854, 47.025324 ], [ -122.036928, 47.02474 ], [ -122.030986, 47.014705 ], [ -122.010325, 47.00775 ], [ -122.000452, 46.998861 ], [ -121.961776, 46.986987 ], [ -121.948712, 46.985312 ], [ -121.925601, 46.992437 ], [ -121.915882, 46.99498 ], [ -121.90518, 46.995347 ], [ -121.905831, 46.996232 ], [ -121.72917, 46.996169 ], [ -121.729176, 46.907387 ] ] ] ] } },
{ "type": "Feature", "properties": { "Name": "32nd LD", "DISTRICT": "32" }, "geometry": { "type": "MultiPolygon", "coordinates": [ [ [ [ -122.348741, 47.708011 ], [ -122.347401, 47.706524 ], [ -122.344725, 47.706866 ], [ -122.345038, 47.728676 ], [ -122.334217, 47.72867 ], [ -122.334277, 47.734135 ], [ -122.292435, 47.733751 ], [ -122.293897, 47.737369 ], [ -122.29929, 47.737413 ], [ -122.299332, 47.741024 ], [ -122.294684, 47.741064 ], [ -122.297342, 47.748298 ], [ -122.303034, 47.75107 ], [ -122.302321, 47.756997 ], [ -122.308092, 47.763008 ], [ -122.306465, 47.762982 ], [ -122.30813, 47.766999 ], [ -122.313005, 47.770343 ], [ -122.306374, 47.771542 ], [ -122.305478, 47.77068 ], [ -122.297425, 47.770105 ], [ -122.297594, 47.77742 ], [ -122.286863, 47.777322 ], [ -122.285627, 47.794137 ], [ -122.282129, 47.794896 ], [ -122.281527, 47.799164 ], [ -122.286105, 47.799165 ], [ -122.285164, 47.802772 ], [ -122.281566, 47.803048 ], [ -122.279677, 47.804489 ], [ -122.276891, 47.80501 ], [ -122.279863, 47.807455 ], [ -122.271755, 47.810152 ], [ -122.270941, 47.81993 ], [ -122.265725, 47.81911 ], [ -122.264112, 47.817972 ], [ -122.263045, 47.818853 ], [ -122.262502, 47.820407 ], [ -122.267031, 47.821307 ], [ -122.267656, 47.82733 ], [ -122.263082, 47.832267 ], [ -122.273593, 47.837787 ], [ -122.274952, 47.846528 ], [ -122.281877, 47.848049 ], [ -122.283041, 47.849134 ], [ -122.289048, 47.850604 ], [ -122.292128, 47.849274 ], [ -122.29255, 47.850174 ], [ -122.296291, 47.847242 ], [ -122.309029, 47.849143 ], [ -122.31111, 47.850361 ], [ -122.314404, 47.849807 ], [ -122.314405, 47.846607 ], [ -122.318808, 47.845555 ], [ -122.324899, 47.838786 ], [ -122.326522, 47.834704 ], [ -122.331955, 47.830274 ], [ -122.337757, 47.831541 ], [ -122.335902, 47.821847 ], [ -122.336341, 47.818734 ], [ -122.334808, 47.81058 ], [ -122.328738, 47.809589 ], [ -122.32586, 47.80794 ], [ -122.331735, 47.799655 ], [ -122.330133, 47.798571 ], [ -122.331334, 47.795978 ], [ -122.335611, 47.796716 ], [ -122.33566, 47.799312 ], [ -122.356214, 47.799598 ], [ -122.357382, 47.792343 ], [ -122.361519, 47.792425 ], [ -122.36293, 47.790686 ], [ -122.369077, 47.791727 ], [ -122.376964, 47.797527 ], [ -122.378084, 47.799773 ], [ -122.382951, 47.799768 ], [ -122.38301, 47.803274 ], [ -122.440885, 47.802485 ], [ -122.442923, 47.789833 ], [ -122.437201, 47.776446 ], [ -122.428098, 47.758121 ], [ -122.427149, 47.745364 ], [ -122.433291, 47.729347 ], [ -122.372243, 47.711309 ], [ -122.364796, 47.711069 ], [ -122.363537, 47.708791 ], [ -122.348741, 47.708011 ] ] ] ] } },
{ "type": "Feature", "properties": { "Name": "33rd LD", "DISTRICT": "33" }, "geometry": { "type": "MultiPolygon", "coordinates": [ [ [ [ -122.202388, 47.346091 ], [ -122.202361, 47.350827 ], [ -122.197097, 47.351203 ], [ -122.197158, 47.36163 ], [ -122.198557, 47.361619 ], [ -122.199692, 47.365262 ], [ -122.20538, 47.366411 ], [ -122.211368, 47.376105 ], [ -122.207339, 47.376598 ], [ -122.207389, 47.400305 ], [ -122.212692, 47.402378 ], [ -122.217355, 47.406739 ], [ -122.220231, 47.406846 ], [ -122.220248, 47.430298 ], [ -122.215612, 47.440626 ], [ -122.245629, 47.441233 ], [ -122.248399, 47.43379 ], [ -122.262123, 47.434286 ], [ -122.262838, 47.433085 ], [ -122.258251, 47.430494 ], [ -122.265767, 47.42812 ], [ -122.267109, 47.4251 ], [ -122.265275, 47.421793 ], [ -122.267671, 47.419403 ], [ -122.278914, 47.419263 ], [ -122.274362, 47.427583 ], [ -122.269714, 47.432533 ], [ -122.269994, 47.435459 ], [ -122.265221, 47.439906 ], [ -122.265581, 47.443087 ], [ -122.266909, 47.44474 ], [ -122.265647, 47.447809 ], [ -122.268599, 47.447843 ], [ -122.267963, 47.451462 ], [ -122.26781, 47.453924 ], [ -122.271334, 47.454499 ], [ -122.271347, 47.456254 ], [ -122.28124, 47.456275 ], [ -122.282163, 47.459637 ], [ -122.291504, 47.459648 ], [ -122.2889, 47.467242 ], [ -122.293157, 47.477519 ], [ -122.296043, 47.488665 ], [ -122.292255, 47.48878 ], [ -122.296687, 47.494608 ], [ -122.296747, 47.493546 ], [ -122.299269, 47.49293 ], [ -122.30415, 47.495629 ], [ -122.310438, 47.495819 ], [ -122.311644, 47.488569 ], [ -122.349988, 47.487678 ], [ -122.351354, 47.486585 ], [ -122.355263, 47.486066 ], [ -122.355305, 47.48111 ], [ -122.366306, 47.481635 ], [ -122.375652, 47.491237 ], [ -122.380128, 47.493203 ], [ -122.407658, 47.48215 ], [ -122.410138, 47.47672 ], [ -122.408482, 47.454562 ], [ -122.404137, 47.44532 ], [ -122.375599, 47.417908 ], [ -122.352235, 47.397521 ], [ -122.348034, 47.382321 ], [ -122.350896, 47.378315 ], [ -122.373535, 47.365521 ], [ -122.329706, 47.350222 ], [ -122.329904, 47.365305 ], [ -122.322311, 47.365607 ], [ -122.320874, 47.367485 ], [ -122.317885, 47.366704 ], [ -122.316642, 47.365144 ], [ -122.313239, 47.36461 ], [ -122.313244, 47.361552 ], [ -122.307613, 47.361537 ], [ -122.309094, 47.358749 ], [ -122.269814, 47.35743 ], [ -122.264459, 47.353698 ], [ -122.209677, 47.353363 ], [ -122.207608, 47.350909 ], [ -122.20414, 47.350862 ], [ -122.204167, 47.346099 ], [ -122.202388, 47.346091 ] ] ] ] } },
{ "type": "Feature", "properties": { "Name": "34th LD", "DISTRICT": "34" }, "geometry": { "type": "MultiPolygon", "coordinates": [ [ [ [ -122.49745, 47.317547 ], [ -122.471551, 47.31862 ], [ -122.44955, 47.326548 ], [ -122.350896, 47.378315 ], [ -122.348034, 47.382321 ], [ -122.352235, 47.397521 ], [ -122.392236, 47.432621 ], [ -122.407047, 47.450503 ], [ -122.409537, 47.45782 ], [ -122.409258, 47.480105 ], [ -122.407658, 47.48215 ], [ -122.380128, 47.493203 ], [ -122.368923, 47.485847 ], [ -122.366306, 47.481635 ], [ -122.355305, 47.48111 ], [ -122.35414, 47.486551 ], [ -122.349644, 47.486613 ], [ -122.349988, 47.487678 ], [ -122.311644, 47.488569 ], [ -122.310438, 47.495819 ], [ -122.302467, 47.495616 ], [ -122.299269, 47.49293 ], [ -122.296747, 47.493546 ], [ -122.297297, 47.499701 ], [ -122.303679, 47.510323 ], [ -122.305937, 47.512941 ], [ -122.30415, 47.512935 ], [ -122.310706, 47.527635 ], [ -122.31803, 47.531765 ], [ -122.305172, 47.531678 ], [ -122.299847, 47.526907 ], [ -122.300988, 47.524453 ], [ -122.291801, 47.524462 ], [ -122.29858, 47.537647 ], [ -122.319056, 47.554871 ], [ -122.321764, 47.563067 ], [ -122.319875, 47.582562 ], [ -122.320912, 47.593473 ], [ -122.329051, 47.592443 ], [ -122.327658, 47.601715 ], [ -122.325299, 47.601706 ], [ -122.331148, 47.605837 ], [ -122.336075, 47.607721 ], [ -122.338135, 47.605873 ], [ -122.339171, 47.607047 ], [ -122.348742, 47.606486 ], [ -122.351255, 47.60901 ], [ -122.400775, 47.607459 ], [ -122.41794, 47.60272 ], [ -122.446984, 47.597612 ], [ -122.454766, 47.573685 ], [ -122.444013, 47.554485 ], [ -122.446002, 47.541008 ], [ -122.461948, 47.531518 ], [ -122.47805, 47.523552 ], [ -122.484886, 47.513045 ], [ -122.487908, 47.50191 ], [ -122.518979, 47.462234 ], [ -122.523505, 47.442056 ], [ -122.524499, 47.423871 ], [ -122.539761, 47.396552 ], [ -122.536292, 47.388501 ], [ -122.52882, 47.379004 ], [ -122.529072, 47.372959 ], [ -122.54089, 47.353347 ], [ -122.539671, 47.341836 ], [ -122.529507, 47.328216 ], [ -122.517337, 47.321578 ], [ -122.49745, 47.317547 ] ] ] ] } },
{ "type": "Feature", "properties": { "Name": "36th LD", "DISTRICT": "36" }, "geometry": { "type": "MultiPolygon", "coordinates": [ [ [ [ -122.446947, 47.5981 ], [ -122.407735, 47.605556 ], [ -122.400775, 47.607459 ], [ -122.400853, 47.609495 ], [ -122.389728, 47.615294 ], [ -122.389747, 47.618956 ], [ -122.343777, 47.618554 ], [ -122.342343, 47.625402 ], [ -122.338137, 47.62642 ], [ -122.338394, 47.639566 ], [ -122.343057, 47.643419 ], [ -122.342889, 47.646445 ], [ -122.351388, 47.648551 ], [ -122.36083, 47.653803 ], [ -122.360824, 47.656065 ], [ -122.359082, 47.656417 ], [ -122.359603, 47.657488 ], [ -122.35546, 47.657764 ], [ -122.354373, 47.6614 ], [ -122.350045, 47.662141 ], [ -122.351464, 47.66504 ], [ -122.34843, 47.664991 ], [ -122.347217, 47.68622 ], [ -122.349907, 47.686937 ], [ -122.350146, 47.708698 ], [ -122.363537, 47.708791 ], [ -122.363613, 47.709737 ], [ -122.368836, 47.711297 ], [ -122.378569, 47.71288 ], [ -122.433291, 47.729347 ], [ -122.43746, 47.713048 ], [ -122.448055, 47.702279 ], [ -122.458971, 47.680926 ], [ -122.458099, 47.663906 ], [ -122.452679, 47.640561 ], [ -122.454252, 47.624636 ], [ -122.446503, 47.611494 ], [ -122.446947, 47.5981 ] ] ] ] } },
{ "type": "Feature", "properties": { "Name": "37th LD", "DISTRICT": "37" }, "geometry": { "type": "MultiPolygon", "coordinates": [ [ [ [ -122.254265, 47.479832 ], [ -122.245818, 47.479934 ], [ -122.24528, 47.48197 ], [ -122.232107, 47.48067 ], [ -122.23121, 47.4826 ], [ -122.232954, 47.486441 ], [ -122.225573, 47.48719 ], [ -122.227348, 47.488162 ], [ -122.225323, 47.488414 ], [ -122.227587, 47.490922 ], [ -122.222999, 47.491492 ], [ -122.2221, 47.493554 ], [ -122.21989, 47.493588 ], [ -122.219364, 47.494898 ], [ -122.222336, 47.496659 ], [ -122.218639, 47.501114 ], [ -122.219822, 47.509801 ], [ -122.251058, 47.52586 ], [ -122.254892, 47.535264 ], [ -122.251215, 47.541298 ], [ -122.242482, 47.549384 ], [ -122.240388, 47.560026 ], [ -122.24578, 47.569033 ], [ -122.257206, 47.574472 ], [ -122.264919, 47.57948 ], [ -122.266327, 47.591805 ], [ -122.264069, 47.609819 ], [ -122.282067, 47.612276 ], [ -122.286469, 47.618358 ], [ -122.292364, 47.618087 ], [ -122.296118, 47.618897 ], [ -122.296144, 47.617621 ], [ -122.298532, 47.617639 ], [ -122.298518, 47.621343 ], [ -122.316782, 47.611979 ], [ -122.316782, 47.608057 ], [ -122.327098, 47.603607 ], [ -122.325299, 47.601706 ], [ -122.327658, 47.601715 ], [ -122.329051, 47.592443 ], [ -122.320912, 47.593473 ], [ -122.320213, 47.570643 ], [ -122.321372, 47.558173 ], [ -122.313494, 47.549439 ], [ -122.294882, 47.532864 ], [ -122.291801, 47.524462 ], [ -122.293357, 47.524461 ], [ -122.291338, 47.510399 ], [ -122.278721, 47.509858 ], [ -122.276241, 47.507231 ], [ -122.274076, 47.509753 ], [ -122.270069, 47.509663 ], [ -122.269276, 47.495531 ], [ -122.263967, 47.491266 ], [ -122.263775, 47.488115 ], [ -122.254265, 47.479832 ] ] ] ] } },
{ "type": "Feature", "properties": { "Name": "41st LD", "DISTRICT": "41" }, "geometry": { "type": "MultiPolygon", "coordinates": [ [ [ [ -122.173195, 47.513574 ], [ -122.171374, 47.508446 ], [ -122.169936, 47.511871 ], [ -122.17134, 47.512849 ], [ -122.16891, 47.516513 ], [ -122.159227, 47.51629 ], [ -122.158776, 47.517925 ], [ -122.138485, 47.516344 ], [ -122.137834, 47.523614 ], [ -122.14311, 47.52365 ], [ -122.141637, 47.527221 ], [ -122.128335, 47.528032 ], [ -122.130118, 47.532588 ], [ -122.132223, 47.532594 ], [ -122.132217, 47.534892 ], [ -122.125762, 47.535394 ], [ -122.118802, 47.537966 ], [ -122.112328, 47.536077 ], [ -122.111002, 47.539541 ], [ -122.108289, 47.54056 ], [ -122.110005, 47.541796 ], [ -122.110805, 47.542969 ], [ -122.107573, 47.544677 ], [ -122.108063, 47.546561 ], [ -122.10664, 47.546592 ], [ -122.104366, 47.546903 ], [ -122.104388, 47.544798 ], [ -122.100524, 47.544933 ], [ -122.100302, 47.55909 ], [ -122.087272, 47.55843 ], [ -122.061271, 47.548432 ], [ -122.056829, 47.552028 ], [ -122.037656, 47.551001 ], [ -122.034971, 47.554744 ], [ -122.03072, 47.554695 ], [ -122.031349, 47.555766 ], [ -122.034201, 47.556639 ], [ -122.032933, 47.569129 ], [ -122.023593, 47.569855 ], [ -122.022812, 47.575364 ], [ -122.027525, 47.579298 ], [ -122.018183, 47.580754 ], [ -122.004046, 47.580476 ], [ -121.998923, 47.5787 ], [ -121.997668, 47.585108 ], [ -121.991056, 47.585295 ], [ -121.982928, 47.581007 ], [ -121.981742, 47.587622 ], [ -121.97635, 47.587546 ], [ -121.976424, 47.584182 ], [ -121.973478, 47.583922 ], [ -121.973556, 47.580201 ], [ -121.968893, 47.580153 ], [ -121.967287, 47.583932 ], [ -121.965236, 47.585307 ], [ -121.965618, 47.587912 ], [ -121.969872, 47.592483 ], [ -121.970037, 47.594579 ], [ -121.961156, 47.594606 ], [ -121.959538, 47.607948 ], [ -121.970402, 47.608312 ], [ -121.970427, 47.601161 ], [ -121.992348, 47.601365 ], [ -121.992385, 47.5986 ], [ -122.003446, 47.599412 ], [ -122.004882, 47.605799 ], [ -122.006071, 47.607008 ], [ -122.004374, 47.609526 ], [ -121.997481, 47.610317 ], [ -121.995413, 47.609111 ], [ -121.992198, 47.60828 ], [ -121.992112, 47.612117 ], [ -122.014036, 47.612995 ], [ -122.013867, 47.616726 ], [ -122.03781, 47.615569 ], [ -122.0468, 47.61433 ], [ -122.051738, 47.614956 ], [ -122.051738, 47.613795 ], [ -122.059519, 47.614994 ], [ -122.060388, 47.612806 ], [ -122.066575, 47.613969 ], [ -122.067999, 47.613017 ], [ -122.069158, 47.61549 ], [ -122.081966, 47.61748 ], [ -122.089131, 47.611737 ], [ -122.099226, 47.616281 ], [ -122.102216, 47.619957 ], [ -122.10783, 47.619243 ], [ -122.107496, 47.617136 ], [ -122.111569, 47.617582 ], [ -122.112211, 47.618403 ], [ -122.115733, 47.616861 ], [ -122.132424, 47.616998 ], [ -122.132031, 47.609805 ], [ -122.129159, 47.609799 ], [ -122.129863, 47.606368 ], [ -122.134526, 47.606772 ], [ -122.14284, 47.606229 ], [ -122.142735, 47.602574 ], [ -122.158674, 47.602146 ], [ -122.162426, 47.597688 ], [ -122.167616, 47.598758 ], [ -122.176079, 47.603495 ], [ -122.184358, 47.603725 ], [ -122.188494, 47.610022 ], [ -122.201481, 47.609647 ], [ -122.201427, 47.607981 ], [ -122.217734, 47.611121 ], [ -122.220234, 47.610121 ], [ -122.220419, 47.597838 ], [ -122.233134, 47.606521 ], [ -122.263651, 47.613115 ], [ -122.266241, 47.582742 ], [ -122.261153, 47.576115 ], [ -122.247649, 47.570537 ], [ -122.240895, 47.561961 ], [ -122.241197, 47.551954 ], [ -122.248826, 47.542795 ], [ -122.254675, 47.536371 ], [ -122.253127, 47.528445 ], [ -122.243131, 47.521146 ], [ -122.235699, 47.517769 ], [ -122.219133, 47.523721 ], [ -122.208233, 47.531921 ], [ -122.204273, 47.539344 ], [ -122.194089, 47.538482 ], [ -122.19244, 47.536967 ], [ -122.193602, 47.531637 ], [ -122.190923, 47.531257 ], [ -122.190103, 47.52351 ], [ -122.185683, 47.521165 ], [ -122.185698, 47.517809 ], [ -122.179689, 47.516597 ], [ -122.179702, 47.515517 ], [ -122.175211, 47.514718 ], [ -122.173195, 47.513574 ] ] ], [ [ [ -121.961156, 47.594606 ], [ -121.961783, 47.590534 ], [ -121.957398, 47.590526 ], [ -121.961156, 47.594606 ] ] ] ] } },
{ "type": "Feature", "properties": { "Name": "43rd LD", "DISTRICT": "43" }, "geometry": { "type": "MultiPolygon", "coordinates": [ [ [ [ -122.329843, 47.604411 ], [ -122.316782, 47.608057 ], [ -122.31552, 47.613352 ], [ -122.298518, 47.621343 ], [ -122.298532, 47.617639 ], [ -122.296144, 47.617621 ], [ -122.296118, 47.618897 ], [ -122.289275, 47.617643 ], [ -122.284723, 47.617881 ], [ -122.28129, 47.611524 ], [ -122.264069, 47.609819 ], [ -122.258182, 47.644971 ], [ -122.249553, 47.654244 ], [ -122.240175, 47.658433 ], [ -122.266162, 47.664981 ], [ -122.268753, 47.666467 ], [ -122.268721, 47.664921 ], [ -122.276625, 47.668323 ], [ -122.281497, 47.666264 ], [ -122.288206, 47.661173 ], [ -122.292997, 47.661392 ], [ -122.296766, 47.667114 ], [ -122.29851, 47.668521 ], [ -122.300618, 47.667977 ], [ -122.302034, 47.66125 ], [ -122.354373, 47.6614 ], [ -122.35546, 47.657764 ], [ -122.359603, 47.657488 ], [ -122.359082, 47.656417 ], [ -122.360833, 47.654936 ], [ -122.360539, 47.65292 ], [ -122.347365, 47.646849 ], [ -122.342889, 47.646445 ], [ -122.343057, 47.643419 ], [ -122.338438, 47.63802 ], [ -122.33888, 47.625668 ], [ -122.343593, 47.62455 ], [ -122.343777, 47.618554 ], [ -122.389747, 47.618956 ], [ -122.389728, 47.615294 ], [ -122.400853, 47.609495 ], [ -122.400775, 47.607459 ], [ -122.351255, 47.60901 ], [ -122.348742, 47.606486 ], [ -122.339171, 47.607047 ], [ -122.338135, 47.605873 ], [ -122.334215, 47.607513 ], [ -122.329843, 47.604411 ] ] ] ] } },
{ "type": "Feature", "properties": { "Name": "44th LD", "DISTRICT": "44" }, "geometry": { "type": "MultiPolygon", "coordinates": [ [ [ [ -122.000123, 47.775981 ], [ -121.99825, 47.785029 ], [ -122.001013, 47.790405 ], [ -122.004176, 47.807771 ], [ -122.014699, 47.816104 ], [ -122.0226, 47.818314 ], [ -122.044381, 47.82591 ], [ -122.050811, 47.830994 ], [ -122.047575, 47.831301 ], [ -122.073847, 47.84803 ], [ -122.033776, 47.847734 ], [ -122.033858, 47.862767 ], [ -122.012359, 47.863683 ], [ -122.012585, 47.885309 ], [ -122.006414, 47.880596 ], [ -122.004309, 47.878934 ], [ -121.998565, 47.877603 ], [ -121.974914, 47.877565 ], [ -121.973194, 47.878585 ], [ -121.96928, 47.877595 ], [ -121.968936, 47.898341 ], [ -121.962537, 47.89859 ], [ -121.958383, 47.899392 ], [ -121.950302, 47.902615 ], [ -121.949633, 47.905087 ], [ -121.943414, 47.905587 ], [ -121.946304, 47.914267 ], [ -121.960634, 47.918487 ], [ -121.969925, 47.923529 ], [ -121.97417, 47.924905 ], [ -121.980963, 47.920228 ], [ -121.98257, 47.916663 ], [ -121.985472, 47.91581 ], [ -121.98769, 47.91753 ], [ -121.996331, 47.919398 ], [ -122.004005, 47.922462 ], [ -122.019539, 47.925742 ], [ -122.026108, 47.931479 ], [ -122.026699, 47.935604 ], [ -122.044084, 47.934891 ], [ -122.044341, 47.962303 ], [ -122.045792, 47.961167 ], [ -122.048232, 47.974869 ], [ -122.054412, 47.976143 ], [ -122.060987, 47.972096 ], [ -122.063782, 47.972775 ], [ -122.057079, 47.977908 ], [ -122.06113, 47.978606 ], [ -122.06886, 47.974515 ], [ -122.071666, 47.970923 ], [ -122.07584, 47.971138 ], [ -122.102374, 47.970641 ], [ -122.103234, 47.9637 ], [ -122.108788, 47.963724 ], [ -122.108984, 47.97096 ], [ -122.129682, 47.971634 ], [ -122.131745, 47.97273 ], [ -122.135317, 47.973496 ], [ -122.128134, 47.96374 ], [ -122.13102, 47.963291 ], [ -122.135129, 47.956844 ], [ -122.151614, 47.951928 ], [ -122.159656, 47.950457 ], [ -122.162298, 47.945596 ], [ -122.171625, 47.941503 ], [ -122.171333, 47.937786 ], [ -122.174264, 47.936913 ], [ -122.174159, 47.921631 ], [ -122.18514, 47.921739 ], [ -122.18587, 47.916472 ], [ -122.196006, 47.915795 ], [ -122.196744, 47.91068 ], [ -122.198841, 47.910282 ], [ -122.199791, 47.908932 ], [ -122.207038, 47.909587 ], [ -122.20704, 47.907284 ], [ -122.210939, 47.907249 ], [ -122.216529, 47.894719 ], [ -122.218922, 47.892802 ], [ -122.217309, 47.891363 ], [ -122.217387, 47.879418 ], [ -122.218911, 47.879805 ], [ -122.219874, 47.879069 ], [ -122.219364, 47.878229 ], [ -122.223069, 47.878269 ], [ -122.223003, 47.871544 ], [ -122.226527, 47.871044 ], [ -122.227759, 47.847996 ], [ -122.223979, 47.846627 ], [ -122.223056, 47.839218 ], [ -122.213815, 47.837826 ], [ -122.208931, 47.830613 ], [ -122.207219, 47.80946 ], [ -122.200531, 47.810577 ], [ -122.195679, 47.811714 ], [ -122.188057, 47.814518 ], [ -122.186142, 47.81298 ], [ -122.186535, 47.791375 ], [ -122.175984, 47.790921 ], [ -122.17584, 47.788779 ], [ -122.173708, 47.789537 ], [ -122.171441, 47.779909 ], [ -122.169602, 47.779879 ], [ -122.169182, 47.776259 ], [ -122.154444, 47.7762 ], [ -122.145999, 47.782043 ], [ -122.1381, 47.785751 ], [ -122.134594, 47.794537 ], [ -122.122228, 47.794773 ], [ -122.115433, 47.795223 ], [ -122.106963, 47.809745 ], [ -122.089929, 47.812533 ], [ -122.079603, 47.812576 ], [ -122.079591, 47.80731 ], [ -122.075111, 47.807255 ], [ -122.073741, 47.802313 ], [ -122.059225, 47.792371 ], [ -122.05533, 47.78651 ], [ -122.054706, 47.775678 ], [ -122.000123, 47.775981 ] ], [ [ -122.079603, 47.812576 ], [ -122.076983, 47.813277 ], [ -122.077055, 47.811748 ], [ -122.079603, 47.812576 ] ] ] ] } },
{ "type": "Feature", "properties": { "Name": "45th LD", "DISTRICT": "45" }, "geometry": { "type": "MultiPolygon", "coordinates": [ [ [ [ -122.004482, 47.603886 ], [ -122.003446, 47.599412 ], [ -121.992385, 47.5986 ], [ -121.992348, 47.601365 ], [ -121.970427, 47.601161 ], [ -121.970402, 47.608312 ], [ -121.959352, 47.608329 ], [ -121.957738, 47.616383 ], [ -121.962737, 47.621776 ], [ -121.968252, 47.626542 ], [ -121.95953, 47.625903 ], [ -121.954098, 47.62251 ], [ -121.948733, 47.622199 ], [ -121.949612, 47.619142 ], [ -121.950815, 47.615504 ], [ -121.944198, 47.615805 ], [ -121.944307, 47.629776 ], [ -121.938918, 47.629729 ], [ -121.937619, 47.635064 ], [ -121.934641, 47.637552 ], [ -121.928134, 47.638938 ], [ -121.927458, 47.639971 ], [ -121.917403, 47.637798 ], [ -121.91539, 47.64385 ], [ -121.924563, 47.644267 ], [ -121.923068, 47.65147 ], [ -121.911814, 47.652174 ], [ -121.907269, 47.677983 ], [ -121.945357, 47.690964 ], [ -121.946948, 47.69777 ], [ -121.952359, 47.700305 ], [ -121.956785, 47.70542 ], [ -121.954664, 47.706725 ], [ -121.955215, 47.708886 ], [ -121.951393, 47.711086 ], [ -121.951545, 47.712751 ], [ -121.9479, 47.71663 ], [ -121.949772, 47.723238 ], [ -121.954013, 47.725999 ], [ -121.95138, 47.72872 ], [ -121.951492, 47.734212 ], [ -121.947186, 47.734401 ], [ -121.946268, 47.732645 ], [ -121.937216, 47.732172 ], [ -121.93391, 47.730879 ], [ -121.941099, 47.740079 ], [ -121.944611, 47.749109 ], [ -121.949177, 47.750195 ], [ -121.956249, 47.757308 ], [ -121.957223, 47.766239 ], [ -121.955183, 47.769736 ], [ -121.960239, 47.776131 ], [ -122.074755, 47.77557 ], [ -122.075126, 47.773846 ], [ -122.080236, 47.773499 ], [ -122.077187, 47.767769 ], [ -122.07888, 47.766322 ], [ -122.078482, 47.754841 ], [ -122.091057, 47.759517 ], [ -122.093033, 47.757428 ], [ -122.095661, 47.757625 ], [ -122.097313, 47.756197 ], [ -122.097977, 47.759537 ], [ -122.102667, 47.761434 ], [ -122.111675, 47.761467 ], [ -122.107204, 47.750609 ], [ -122.107856, 47.749165 ], [ -122.113346, 47.752073 ], [ -122.120844, 47.753511 ], [ -122.120458, 47.747534 ], [ -122.141973, 47.747194 ], [ -122.142198, 47.734659 ], [ -122.145456, 47.732797 ], [ -122.148796, 47.732866 ], [ -122.149226, 47.726521 ], [ -122.152158, 47.725736 ], [ -122.153254, 47.723923 ], [ -122.155966, 47.723954 ], [ -122.156625, 47.725767 ], [ -122.159015, 47.725795 ], [ -122.159333, 47.729703 ], [ -122.163893, 47.730186 ], [ -122.163796, 47.733125 ], [ -122.175542, 47.734363 ], [ -122.176559, 47.737471 ], [ -122.186518, 47.740356 ], [ -122.188038, 47.733045 ], [ -122.207846, 47.733008 ], [ -122.208305, 47.725269 ], [ -122.215136, 47.724833 ], [ -122.221108, 47.721619 ], [ -122.222689, 47.720457 ], [ -122.225421, 47.720521 ], [ -122.225451, 47.719415 ], [ -122.234793, 47.718867 ], [ -122.23816, 47.711677 ], [ -122.252759, 47.710896 ], [ -122.262323, 47.704308 ], [ -122.246956, 47.691202 ], [ -122.232066, 47.683353 ], [ -122.229681, 47.668681 ], [ -122.221449, 47.667973 ], [ -122.207121, 47.676591 ], [ -122.197039, 47.679769 ], [ -122.197214, 47.684817 ], [ -122.193415, 47.685771 ], [ -122.194267, 47.689219 ], [ -122.170357, 47.689498 ], [ -122.1702, 47.696439 ], [ -122.165299, 47.696936 ], [ -122.164072, 47.688132 ], [ -122.15199, 47.686125 ], [ -122.145922, 47.688623 ], [ -122.133709, 47.689383 ], [ -122.131828, 47.682178 ], [ -122.123573, 47.682693 ], [ -122.125569, 47.684918 ], [ -122.112171, 47.685657 ], [ -122.1107, 47.687078 ], [ -122.110473, 47.68565 ], [ -122.108125, 47.685643 ], [ -122.108116, 47.682761 ], [ -122.101451, 47.681084 ], [ -122.08869, 47.689187 ], [ -122.080296, 47.687125 ], [ -122.078993, 47.673247 ], [ -122.082162, 47.672553 ], [ -122.080031, 47.663722 ], [ -122.086348, 47.66094 ], [ -122.087145, 47.657731 ], [ -122.098154, 47.648381 ], [ -122.080801, 47.633848 ], [ -122.07973, 47.621057 ], [ -122.081966, 47.61748 ], [ -122.067898, 47.614966 ], [ -122.067999, 47.613017 ], [ -122.066575, 47.613969 ], [ -122.060388, 47.612806 ], [ -122.057879, 47.61499 ], [ -122.051738, 47.613795 ], [ -122.051738, 47.614956 ], [ -122.039269, 47.614919 ], [ -122.030668, 47.616626 ], [ -122.013867, 47.616726 ], [ -122.014036, 47.612995 ], [ -121.992112, 47.612117 ], [ -121.992198, 47.60828 ], [ -121.996996, 47.609197 ], [ -122.001343, 47.61049 ], [ -122.004374, 47.609526 ], [ -122.006071, 47.607008 ], [ -122.004482, 47.603886 ] ] ], [ [ [ -122.152158, 47.725736 ], [ -122.15218, 47.72714 ], [ -122.154493, 47.725742 ], [ -122.152158, 47.725736 ] ] ] ] } },
{ "type": "Feature", "properties": { "Name": "46th LD", "DISTRICT": "46" }, "geometry": { "type": "MultiPolygon", "coordinates": [ [ [ [ -122.268753, 47.666467 ], [ -122.264038, 47.663602 ], [ -122.239443, 47.658764 ], [ -122.230229, 47.666003 ], [ -122.230944, 47.681752 ], [ -122.238212, 47.687114 ], [ -122.255062, 47.696866 ], [ -122.269138, 47.714124 ], [ -122.274397, 47.733732 ], [ -122.334277, 47.734135 ], [ -122.334217, 47.72867 ], [ -122.345038, 47.728676 ], [ -122.344725, 47.706866 ], [ -122.348741, 47.706514 ], [ -122.349947, 47.708002 ], [ -122.349907, 47.686937 ], [ -122.347217, 47.68622 ], [ -122.34843, 47.664991 ], [ -122.351464, 47.66504 ], [ -122.350045, 47.662141 ], [ -122.302034, 47.66125 ], [ -122.300618, 47.667977 ], [ -122.29851, 47.668521 ], [ -122.296766, 47.667114 ], [ -122.292997, 47.661392 ], [ -122.285607, 47.662227 ], [ -122.277961, 47.668313 ], [ -122.273215, 47.667597 ], [ -122.268721, 47.664921 ], [ -122.268753, 47.666467 ] ] ] ] } },
{ "type": "Feature", "properties": { "Name": "47th LD", "DISTRICT": "47" }, "geometry": { "type": "MultiPolygon", "coordinates": [ [ [ [ -122.176426, 47.302733 ], [ -122.170262, 47.299376 ], [ -122.16949, 47.300595 ], [ -122.123581, 47.300602 ], [ -122.115347, 47.30237 ], [ -122.098393, 47.300079 ], [ -122.086408, 47.301113 ], [ -122.087516, 47.307003 ], [ -122.096791, 47.314435 ], [ -122.096864, 47.32372 ], [ -122.101165, 47.332058 ], [ -122.101398, 47.343603 ], [ -122.097129, 47.341962 ], [ -122.096217, 47.344847 ], [ -122.089907, 47.345 ], [ -122.082064, 47.352619 ], [ -122.080457, 47.353622 ], [ -122.0743, 47.351632 ], [ -122.073446, 47.344543 ], [ -122.067279, 47.345424 ], [ -122.061874, 47.344498 ], [ -122.059199, 47.34449 ], [ -122.053873, 47.34357 ], [ -122.053842, 47.348201 ], [ -122.060227, 47.349977 ], [ -122.060131, 47.354374 ], [ -122.065794, 47.354413 ], [ -122.064907, 47.358024 ], [ -122.058974, 47.35799 ], [ -122.05959, 47.366399 ], [ -122.061473, 47.36495 ], [ -122.062539, 47.372175 ], [ -122.059165, 47.372663 ], [ -122.058074, 47.376194 ], [ -122.055928, 47.376152 ], [ -122.054494, 47.376755 ], [ -122.055899, 47.377324 ], [ -122.05365, 47.379668 ], [ -122.048108, 47.380685 ], [ -122.049466, 47.386824 ], [ -122.057016, 47.387711 ], [ -122.048009, 47.393377 ], [ -122.046793, 47.401137 ], [ -122.058438, 47.412859 ], [ -122.076555, 47.421194 ], [ -122.090876, 47.422932 ], [ -122.102654, 47.423182 ], [ -122.108436, 47.426494 ], [ -122.112165, 47.429652 ], [ -122.116684, 47.437509 ], [ -122.143476, 47.437526 ], [ -122.152049, 47.438738 ], [ -122.154327, 47.440111 ], [ -122.154598, 47.430353 ], [ -122.175797, 47.430282 ], [ -122.17685, 47.415833 ], [ -122.186753, 47.415833 ], [ -122.186765, 47.412199 ], [ -122.197072, 47.412671 ], [ -122.197042, 47.415842 ], [ -122.207498, 47.415879 ], [ -122.207339, 47.376598 ], [ -122.211368, 47.376105 ], [ -122.203123, 47.365283 ], [ -122.199692, 47.365262 ], [ -122.198557, 47.361619 ], [ -122.196982, 47.360598 ], [ -122.197097, 47.351203 ], [ -122.202361, 47.350827 ], [ -122.202388, 47.346091 ], [ -122.204167, 47.346099 ], [ -122.20414, 47.350862 ], [ -122.208553, 47.351608 ], [ -122.209677, 47.353363 ], [ -122.264286, 47.353692 ], [ -122.263728, 47.34989 ], [ -122.266381, 47.348384 ], [ -122.266069, 47.343584 ], [ -122.270121, 47.343387 ], [ -122.270997, 47.303539 ], [ -122.243381, 47.302764 ], [ -122.218659, 47.30338 ], [ -122.218692, 47.300893 ], [ -122.213383, 47.302816 ], [ -122.211068, 47.303905 ], [ -122.202849, 47.304612 ], [ -122.201788, 47.306394 ], [ -122.1998, 47.30609 ], [ -122.195608, 47.30253 ], [ -122.179289, 47.301209 ], [ -122.176426, 47.302733 ] ] ] ] } },
{ "type": "Feature", "properties": { "Name": "48th LD", "DISTRICT": "48" }, "geometry": { "type": "MultiPolygon", "coordinates": [ [ [ [ -122.220419, 47.597838 ], [ -122.220234, 47.610121 ], [ -122.217734, 47.611121 ], [ -122.205751, 47.608938 ], [ -122.201427, 47.607981 ], [ -122.200163, 47.610136 ], [ -122.188494, 47.610022 ], [ -122.184358, 47.603725 ], [ -122.176079, 47.603495 ], [ -122.163849, 47.597468 ], [ -122.160203, 47.599173 ], [ -122.156949, 47.602711 ], [ -122.142735, 47.602574 ], [ -122.14284, 47.606229 ], [ -122.13105, 47.606952 ], [ -122.129863, 47.606368 ], [ -122.129159, 47.609799 ], [ -122.132031, 47.609805 ], [ -122.132424, 47.616998 ], [ -122.113461, 47.617502 ], [ -122.112211, 47.618403 ], [ -122.110925, 47.616788 ], [ -122.107496, 47.617136 ], [ -122.10783, 47.619243 ], [ -122.102216, 47.619957 ], [ -122.099226, 47.616281 ], [ -122.089131, 47.611737 ], [ -122.07973, 47.621057 ], [ -122.080801, 47.633848 ], [ -122.098154, 47.648381 ], [ -122.087145, 47.657731 ], [ -122.084858, 47.662445 ], [ -122.079042, 47.665104 ], [ -122.082162, 47.672553 ], [ -122.078993, 47.673247 ], [ -122.080296, 47.687125 ], [ -122.08869, 47.689187 ], [ -122.101451, 47.681084 ], [ -122.108116, 47.682761 ], [ -122.108125, 47.685643 ], [ -122.110473, 47.68565 ], [ -122.11218, 47.687076 ], [ -122.112171, 47.685657 ], [ -122.125569, 47.684918 ], [ -122.123573, 47.682693 ], [ -122.131828, 47.682178 ], [ -122.133709, 47.689383 ], [ -122.145922, 47.688623 ], [ -122.15199, 47.686125 ], [ -122.16045, 47.687613 ], [ -122.164898, 47.688867 ], [ -122.165299, 47.696936 ], [ -122.1702, 47.696439 ], [ -122.170357, 47.689498 ], [ -122.194267, 47.689219 ], [ -122.193763, 47.684878 ], [ -122.197214, 47.684817 ], [ -122.197039, 47.679769 ], [ -122.209448, 47.675589 ], [ -122.221449, 47.667973 ], [ -122.229681, 47.668681 ], [ -122.233939, 47.661951 ], [ -122.253351, 47.651413 ], [ -122.259604, 47.640454 ], [ -122.263651, 47.613115 ], [ -122.228334, 47.604521 ], [ -122.220419, 47.597838 ] ] ] ] } }
]
}
