{
"type": "FeatureCollection",
"name": "psap_kc",
"crs": { "type": "name", "properties": { "name": "urn:ogc:def:crs:OGC:1.3:CRS84" } },
"features": [
{ "type": "Feature", "properties": { "psap_name": "Enumclaw PD" }, "geometry": { "type": "MultiPolygon", "coordinates": [ [ [ [ -121.979089552000403, 47.163888190000065 ], [ -121.979021487999674, 47.164979326000051 ], [ -121.984027316000038, 47.166329773000015 ], [ -121.983963209999843, 47.164666344000089 ], [ -121.980595557000086, 47.16456887600004 ], [ -121.979089552000403, 47.163888190000065 ] ] ], [ [ [ -121.949841806999956, 47.200192617000042 ], [ -121.978754680999486, 47.206327021000064 ], [ -121.979126857000367, 47.220982949000067 ], [ -122.016394532999726, 47.211070183000032 ], [ -121.9994717539996, 47.192028440000051 ], [ -121.949172003999877, 47.197149628000062 ], [ -121.949841806999956, 47.200192617000042 ] ] ] ] } },
{ "type": "Feature", "properties": { "psap_name": "Issaquah PD" }, "geometry": { "type": "MultiPolygon", "coordinates": [ [ [ [ -121.786508959999537, 47.508799967000051 ], [ -121.78781650499964, 47.514047952000034 ], [ -121.788570106999643, 47.514924490000062 ], [ -121.785825015999635, 47.519052898000069 ], [ -121.783208753999844, 47.520386215000059 ], [ -121.781788399000263, 47.522914688000078 ], [ -121.794683749000242, 47.524740076000072 ], [ -121.797020901999659, 47.523405776000068 ], [ -121.811011665999757, 47.536074204000059 ], [ -121.828733889999725, 47.548821928000059 ], [ -121.843088695000276, 47.546924185000094 ], [ -121.887379315999965, 47.547313378000077 ], [ -121.880946867000233, 47.51455330400006 ], [ -121.865577144000198, 47.52907465400007 ], [ -121.828501587000318, 47.528231932000025 ], [ -121.828072113000246, 47.513521808000043 ], [ -121.806836959000222, 47.503264812000019 ], [ -121.806957188999505, 47.485071984000079 ], [ -121.763404413999837, 47.481709278000018 ], [ -121.748117553000242, 47.474114945000075 ], [ -121.712875037000202, 47.465712600000074 ], [ -121.733032597999724, 47.482281088 ], [ -121.740639182999914, 47.478427594000017 ], [ -121.740238179999594, 47.478195425000088 ], [ -121.763692155999635, 47.487119294000095 ], [ -121.769287325999599, 47.503177868000066 ], [ -121.786508959999537, 47.508799967000051 ] ] ], [ [ [ -121.832202148999514, 47.508336347000096 ], [ -121.833917280999685, 47.51063419900003 ], [ -121.833886772000113, 47.512102856000048 ], [ -121.839162495999673, 47.513785131000056 ], [ -121.832202148999514, 47.508336347000096 ] ] ], [ [ [ -122.00696781499984, 47.549931226000048 ], [ -122.057179551000118, 47.570257604000055 ], [ -122.076325406000123, 47.555346913000051 ], [ -122.082174430999757, 47.568380267000038 ], [ -122.099734829999718, 47.571802022000064 ], [ -122.100489665000339, 47.550580305000018 ], [ -122.094886867999961, 47.548361134000061 ], [ -122.073476641000042, 47.545154934000017 ], [ -122.079137227999766, 47.52008665000006 ], [ -122.036962736999641, 47.515594833000058 ], [ -122.03138099100012, 47.509188188000017 ], [ -122.023249966000378, 47.509237800000037 ], [ -122.020737927999605, 47.519140244000056 ], [ -121.993497630999585, 47.522409301000067 ], [ -122.000991617000196, 47.539084392000085 ], [ -121.991729007000316, 47.540969253000057 ], [ -121.993581605000287, 47.542706305000088 ], [ -121.989320676000204, 47.545598516000027 ], [ -121.987553008999583, 47.54728527400006 ], [ -121.985775008000019, 47.549311648000042 ], [ -121.988998311999566, 47.549589599000029 ], [ -121.994487576000367, 47.549292231000031 ], [ -122.003384334999566, 47.555862611000073 ], [ -122.00696781499984, 47.549931226000048 ] ] ] ] } },
{ "type": "Feature", "properties": { "psap_name": "JBLM" }, "geometry": { "type": "MultiPolygon", "coordinates": [ [ [ [ -122.410996034999727, 47.060634804000095 ], [ -122.415539537000086, 47.062755287000059 ], [ -122.450806485000157, 47.061655040000083 ], [ -122.459126484000365, 47.059342833000052 ], [ -122.523244835999961, 47.009575311000063 ], [ -122.505239139999915, 46.996134812000051 ], [ -122.421874240000193, 46.994940389000064 ], [ -122.421743256000056, 47.020015055000059 ], [ -122.389796439999927, 47.023909065000083 ], [ -122.389300578000316, 47.044648038000062 ], [ -122.405667595999745, 47.055190036000049 ], [ -122.410996034999727, 47.060634804000095 ] ] ], [ [ [ -122.460938053000206, 47.059259144000038 ], [ -122.443200597000086, 47.068129206000023 ], [ -122.434933709999939, 47.097297685000058 ], [ -122.464093723000076, 47.097669817000025 ], [ -122.467953781999967, 47.153966103000052 ], [ -122.474301016999576, 47.155839235000052 ], [ -122.488625294000286, 47.155807629000051 ], [ -122.495443434999601, 47.151822254000074 ], [ -122.496886002999645, 47.141300298000054 ], [ -122.497595463000181, 47.139377474000064 ], [ -122.514653056999833, 47.14122502 ], [ -122.520603583000124, 47.138848505000063 ], [ -122.530325723999738, 47.133907483000058 ], [ -122.541661599999557, 47.126640668000064 ], [ -122.525424382000125, 47.12669966900004 ], [ -122.522642351999835, 47.124887197000078 ], [ -122.542929117000384, 47.12589142100007 ], [ -122.561131399000246, 47.115811969000042 ], [ -122.580079916999836, 47.107258514000073 ], [ -122.587091883, 47.102418098000051 ], [ -122.629869069000094, 47.09107269800004 ], [ -122.669798398999944, 47.081833811000081 ], [ -122.676276184000244, 47.080858027000069 ], [ -122.687224431999894, 47.077705805000065 ], [ -122.703673520999942, 47.071456022000035 ], [ -122.703295687999642, 47.065005336000056 ], [ -122.701381625999517, 47.063303518000026 ], [ -122.696108314999634, 47.06176508900009 ], [ -122.695697919999859, 47.061192406000053 ], [ -122.696026905999886, 47.060005682000082 ], [ -122.695570182999816, 47.059410906000046 ], [ -122.689895724999701, 47.057412514000092 ], [ -122.690548333000194, 47.056014248000039 ], [ -122.693458579999984, 47.053041511000053 ], [ -122.685661063999717, 47.051566026000032 ], [ -122.682712629999884, 47.049070232000091 ], [ -122.676812259999807, 47.042653883000057 ], [ -122.67549567899988, 47.037195628000092 ], [ -122.679522174000056, 47.032760087000035 ], [ -122.680361680999539, 47.030551945000049 ], [ -122.679864551000037, 47.028191615 ], [ -122.672397676000216, 47.015415143000027 ], [ -122.671611953999701, 47.014850832000029 ], [ -122.666637527999796, 47.01361783300009 ], [ -122.664852729000245, 47.01176456300005 ], [ -122.659929939000079, 47.010306764000077 ], [ -122.658779341999605, 47.009537671000032 ], [ -122.657016425000037, 47.00613958600006 ], [ -122.659389455999559, 47.004341749000048 ], [ -122.659861687999765, 47.003216534000039 ], [ -122.658081558000177, 47.002793511000064 ], [ -122.6562641550004, 47.003268771000094 ], [ -122.653579176999955, 47.005064143000055 ], [ -122.652564031999802, 47.00713378500005 ], [ -122.650622545, 47.00731778100004 ], [ -122.64870324800016, 47.006548171000055 ], [ -122.645957472999555, 47.003598196000063 ], [ -122.63995602100016, 47.002055410000011 ], [ -122.639235840999959, 47.001436539000046 ], [ -122.64058842899982, 46.999878832 ], [ -122.63883907800016, 46.998431181000072 ], [ -122.632515030000263, 46.999230927000021 ], [ -122.630996925000034, 46.998962771000045 ], [ -122.630301744000278, 46.998338611000058 ], [ -122.629826353999647, 46.997442241000016 ], [ -122.631236837000245, 46.988646265000057 ], [ -122.638172337000285, 46.980700350000085 ], [ -122.638427520000079, 46.978569194000059 ], [ -122.637277603000044, 46.977110361 ], [ -122.629117718000344, 46.971463695000061 ], [ -122.611602240999801, 46.967213927000039 ], [ -122.611046650999725, 46.976699619000058 ], [ -122.584523648000342, 46.974286884000037 ], [ -122.577368717000155, 46.970393040000033 ], [ -122.570879098000376, 46.964459172000019 ], [ -122.566409872999841, 46.966739127000011 ], [ -122.563844327000083, 46.966125575000056 ], [ -122.558382586999585, 46.986632626000045 ], [ -122.553336472000339, 47.001954214000058 ], [ -122.53175504700026, 47.01020879200005 ], [ -122.523867206000077, 47.010203064000073 ], [ -122.460938053000206, 47.059259144000038 ] ] ], [ [ [ -122.646630013999953, 47.089193191000049 ], [ -122.675107264000033, 47.090153378000032 ], [ -122.675330919999766, 47.08237318700003 ], [ -122.648662882999673, 47.087590207000048 ], [ -122.646630013999953, 47.089193191000049 ] ] ], [ [ [ -122.560619814000219, 47.119266009000057 ], [ -122.568448644999975, 47.148673257 ], [ -122.589801475999835, 47.159408735000078 ], [ -122.616880085999938, 47.15726076 ], [ -122.627544694000207, 47.126330130000035 ], [ -122.622486973999955, 47.111580897000039 ], [ -122.621205547000244, 47.094187373000075 ], [ -122.606994253000181, 47.100565556000035 ], [ -122.589461049999599, 47.10598241900005 ], [ -122.585076480000041, 47.105880777000039 ], [ -122.560619814000219, 47.119266009000057 ] ] ] ] } },
{ "type": "Feature", "properties": { "psap_name": "KCSO" }, "geometry": { "type": "MultiPolygon", "coordinates": [ [ [ [ -122.266240202999683, 47.303355512000032 ], [ -122.273558329999702, 47.304044115000096 ], [ -122.302483914999726, 47.289077070000083 ], [ -122.303238270999756, 47.26895908700002 ], [ -122.303543892999599, 47.264497909000049 ], [ -122.307870179999924, 47.263959301000092 ], [ -122.309306409000442, 47.263780198000049 ], [ -122.312314657000087, 47.260907444000082 ], [ -122.300689245000086, 47.260864137000091 ], [ -122.291295671000157, 47.257329117000019 ], [ -122.271540790000159, 47.257360752000089 ], [ -122.261775148000282, 47.268457779000052 ], [ -122.266240202999683, 47.303355512000032 ] ] ], [ [ [ -122.257869768999683, 47.378858768000029 ], [ -122.265758985999682, 47.375833412000077 ], [ -122.271664228999981, 47.357850600000027 ], [ -122.291954983000039, 47.345893256000039 ], [ -122.295438330000081, 47.316821466000107 ], [ -122.286588686999735, 47.316855268000047 ], [ -122.286547076999838, 47.315041247000032 ], [ -122.270871562000039, 47.315111550000069 ], [ -122.270738200000324, 47.343394064000016 ], [ -122.249563035999842, 47.347137171000043 ], [ -122.256431221999875, 47.371431129000051 ], [ -122.257869768999683, 47.378858768000029 ] ] ], [ [ [ -122.46386031599998, 47.50893505300008 ], [ -122.480924676999663, 47.485609997000061 ], [ -122.498451212999754, 47.476402022000066 ], [ -122.514622646999982, 47.448549898000103 ], [ -122.513209429000327, 47.42287275100005 ], [ -122.528024240999983, 47.399318881000077 ], [ -122.517073520000366, 47.377592123000063 ], [ -122.528441443999839, 47.345974788000035 ], [ -122.51927798300008, 47.333681119000069 ], [ -122.491222085000118, 47.33107648000005 ], [ -122.483665600999842, 47.380352828000078 ], [ -122.445680421999555, 47.389597015000064 ], [ -122.454461700999616, 47.371786667000052 ], [ -122.473563280000263, 47.361932933000062 ], [ -122.475251739000242, 47.346724635000029 ], [ -122.459619294999641, 47.342422939000045 ], [ -122.437495314999836, 47.365549746000063 ], [ -122.400089386000076, 47.381574836 ], [ -122.3735362569996, 47.388460661000067 ], [ -122.395653306000256, 47.399709859000048 ], [ -122.437079052999593, 47.407623530000095 ], [ -122.429466901000353, 47.424349354000093 ], [ -122.440072624999686, 47.438330156000092 ], [ -122.433394527999766, 47.465426654000048 ], [ -122.458347862999801, 47.485702907000054 ], [ -122.46386031599998, 47.50893505300008 ] ] ], [ [ [ -122.306878068000358, 47.522418091000098 ], [ -122.316405667999618, 47.531675009000033 ], [ -122.318528042999858, 47.531794552000065 ], [ -122.317563238, 47.528216214000068 ], [ -122.310236497999753, 47.525478174000071 ], [ -122.310804011999807, 47.525471417000055 ], [ -122.308868163999904, 47.522180446000064 ], [ -122.337496337999724, 47.51726433300005 ], [ -122.371409486999937, 47.517430310000051 ], [ -122.374169927000239, 47.499207979000055 ], [ -122.360980074000238, 47.484302815000021 ], [ -122.368792066999859, 47.459050138000066 ], [ -122.36266216899962, 47.445176171000035 ], [ -122.361348902999595, 47.448748431000062 ], [ -122.358493295000159, 47.450711456000107 ], [ -122.333779106999543, 47.445184923000035 ], [ -122.325112678000224, 47.431192227000047 ], [ -122.320330494999723, 47.416192294000027 ], [ -122.306933224000062, 47.415973176000072 ], [ -122.302726041000341, 47.419120818000096 ], [ -122.297857768000355, 47.411846584000031 ], [ -122.277824075000098, 47.41970293900004 ], [ -122.277941609999658, 47.421362976000083 ], [ -122.265445964000122, 47.438308931000073 ], [ -122.271360767000104, 47.45625235800005 ], [ -122.280837445000358, 47.456463060000011 ], [ -122.291901544999604, 47.459528394000046 ], [ -122.291893965999776, 47.459550732000011 ], [ -122.298609730000081, 47.457414492000055 ], [ -122.295859221000086, 47.438150269000047 ], [ -122.30154055, 47.425194954000048 ], [ -122.305722047999893, 47.425504529000072 ], [ -122.326071720000343, 47.454038444000069 ], [ -122.318204665999644, 47.472304736000083 ], [ -122.315500217000164, 47.474086461000063 ], [ -122.308962798, 47.47419055500005 ], [ -122.305043292999642, 47.470361569000048 ], [ -122.299792211000124, 47.470545160000015 ], [ -122.299821926000405, 47.46704702600006 ], [ -122.302534639000143, 47.467228614000078 ], [ -122.30251793199956, 47.464925626000095 ], [ -122.299952548000178, 47.464959964000059 ], [ -122.291855839, 47.462995403000043 ], [ -122.288454058000085, 47.466401760000025 ], [ -122.294728872000078, 47.500354619000078 ], [ -122.304439469999537, 47.519700089 ], [ -122.306878068000358, 47.522418091000098 ] ], [ [ -122.311585605999923, 47.488660669000069 ], [ -122.310032497999984, 47.486878111000088 ], [ -122.30607122999956, 47.481358416000027 ], [ -122.302477714000275, 47.476985165 ], [ -122.303506006999882, 47.476564608000061 ], [ -122.305596215999557, 47.476115600000078 ], [ -122.314855308000034, 47.477675107000053 ], [ -122.311585605999923, 47.488660669000069 ] ] ], [ [ [ -122.218833084000195, 47.500120115000108 ], [ -122.24715476099972, 47.509708749000062 ], [ -122.259656112000201, 47.495626713000021 ], [ -122.269265845000021, 47.495523900000087 ], [ -122.254305606000287, 47.478241443000051 ], [ -122.232213186000195, 47.480482362000032 ], [ -122.221800167000183, 47.495490584000017 ], [ -122.221058315999841, 47.497278379000093 ], [ -122.220913452, 47.497993116000039 ], [ -122.218833084000195, 47.500120115000108 ] ] ], [ [ [ -122.312986621999784, 47.546204025000094 ], [ -122.313134716999897, 47.546226808000029 ], [ -122.318602815000204, 47.544782879000081 ], [ -122.320130953, 47.53987607700001 ], [ -122.31922097699956, 47.539333029 ], [ -122.300056743999619, 47.521998425000064 ], [ -122.295702582000246, 47.519273052000067 ], [ -122.29151543200004, 47.513710357000065 ], [ -122.288605176000019, 47.513900449000054 ], [ -122.298220650999681, 47.533623713000068 ], [ -122.312986621999784, 47.546204025000094 ] ] ], [ [ [ -122.270858599999514, 47.777097375000054 ], [ -122.269414695999799, 47.773963486000071 ], [ -122.267400784000202, 47.768510719000034 ], [ -122.269362219999806, 47.75505169500007 ], [ -122.259355888000243, 47.72635452500004 ], [ -122.242920297000296, 47.732244450000053 ], [ -122.218805564999926, 47.734167206000045 ], [ -122.228475627999913, 47.75456317700008 ], [ -122.22761774799956, 47.776750401000086 ], [ -122.270858599999514, 47.777097375000054 ] ] ], [ [ [ -122.297728463, 47.777428325000102 ], [ -122.393457470999962, 47.777951344 ], [ -122.393170998999636, 47.785255329000059 ], [ -122.398224654999964, 47.780052931000029 ], [ -122.393702781999906, 47.776920088000047 ], [ -122.393859766000404, 47.771185270000032 ], [ -122.37997833899972, 47.75843398300001 ], [ -122.383037698000322, 47.747998046000106 ], [ -122.370645048999961, 47.733858227000013 ], [ -122.292447338000144, 47.733758779000013 ], [ -122.307303932000124, 47.761651530000066 ], [ -122.297728463, 47.777428325000102 ] ] ], [ [ [ -121.979089552000403, 47.163888190000065 ], [ -121.973155843000342, 47.160701292000027 ], [ -121.971352757000119, 47.157393429000095 ], [ -121.969529539999655, 47.156286789000013 ], [ -121.964645017999715, 47.155991893000078 ], [ -121.960296849000287, 47.15723734700002 ], [ -121.958688871, 47.157242891000045 ], [ -121.952121380000094, 47.154527352000066 ], [ -121.950615511999743, 47.145161998000049 ], [ -121.943559182000342, 47.139973849000029 ], [ -121.942045751000094, 47.140037301000064 ], [ -121.935948796999796, 47.13837079500005 ], [ -121.933664596999563, 47.13831345600002 ], [ -121.931922212999979, 47.139287621000072 ], [ -121.931381337999824, 47.14010739 ], [ -121.930927928, 47.142707143000031 ], [ -121.927873162999916, 47.144821461000028 ], [ -121.927893839, 47.147724195000094 ], [ -121.920910708999514, 47.149961114000064 ], [ -121.901552883000235, 47.155747498 ], [ -121.886201673999736, 47.152952717000062 ], [ -121.878480844999601, 47.153946467000026 ], [ -121.875231802999622, 47.151233689000016 ], [ -121.872951007999674, 47.150539934000079 ], [ -121.866561772000367, 47.152638971000023 ], [ -121.865491730999878, 47.152608425000054 ], [ -121.863090952999599, 47.151935774000052 ], [ -121.860863818999675, 47.150656354000049 ], [ -121.861103793999661, 47.147270381000048 ], [ -121.860427775000076, 47.146602719000072 ], [ -121.859182552999755, 47.146475788000018 ], [ -121.85525081100036, 47.147560874000078 ], [ -121.849467519999763, 47.147266863 ], [ -121.846140021999517, 47.14439515400003 ], [ -121.842443745000153, 47.143321336000028 ], [ -121.840291117000405, 47.14322566000007 ], [ -121.836815836000255, 47.144731915000065 ], [ -121.834243935000202, 47.147341999000083 ], [ -121.831703900000164, 47.148488687000025 ], [ -121.819311568999794, 47.158807157000084 ], [ -121.795819035999841, 47.173231945000047 ], [ -121.783377370000196, 47.172227813000021 ], [ -121.777271062999915, 47.173322601000066 ], [ -121.776921598000385, 47.172830493000042 ], [ -121.777885957999985, 47.17076875300004 ], [ -121.775623334000315, 47.167938819000028 ], [ -121.773361673999858, 47.166498091000058 ], [ -121.769311539000242, 47.165423098000048 ], [ -121.766866813999641, 47.166781879000027 ], [ -121.763995091000155, 47.16760094200005 ], [ -121.762477216999883, 47.167514693000079 ], [ -121.749500377999723, 47.162078104000031 ], [ -121.746447097000356, 47.16269621600005 ], [ -121.744582494000284, 47.164647443000021 ], [ -121.743100530999683, 47.164544129000035 ], [ -121.738031084999903, 47.160376796000023 ], [ -121.728030359999593, 47.157637645000086 ], [ -121.724917299999674, 47.154393571000043 ], [ -121.721330994000127, 47.15188792400005 ], [ -121.719151045000416, 47.151121950000089 ], [ -121.705086144000219, 47.152002449000086 ], [ -121.684187560999874, 47.149790971000101 ], [ -121.664531007000136, 47.159569978000029 ], [ -121.629547229, 47.153433707000048 ], [ -121.628323386999597, 47.152005070000051 ], [ -121.6270734069996, 47.152393278000012 ], [ -121.626379260000263, 47.151684727000045 ], [ -121.624373000000261, 47.151277238000056 ], [ -121.623404939000082, 47.149960187000033 ], [ -121.620808867999898, 47.149405141000017 ], [ -121.617623938999841, 47.144685835000089 ], [ -121.615221136999978, 47.143549181000047 ], [ -121.611484151000155, 47.142996371000038 ], [ -121.611318546999755, 47.141399384000067 ], [ -121.609664985000094, 47.138387755000018 ], [ -121.601003876999783, 47.13165438300009 ], [ -121.600659575999757, 47.129946982000057 ], [ -121.598692086000113, 47.128633453000042 ], [ -121.598462763999834, 47.127437029000085 ], [ -121.597234436999514, 47.125913508000068 ], [ -121.595212329000361, 47.125260943000065 ], [ -121.594475839000125, 47.12223387000008 ], [ -121.590422550000284, 47.121252560000059 ], [ -121.589128545999955, 47.120236879000075 ], [ -121.581489015000116, 47.118695433000056 ], [ -121.53152519199962, 47.124585075000034 ], [ -121.509764810999513, 47.122509022000045 ], [ -121.490577488999762, 47.11678027800005 ], [ -121.487639652000425, 47.114721173000063 ], [ -121.485725621000284, 47.111971873000051 ], [ -121.48069696199984, 47.110641912000077 ], [ -121.471893374999794, 47.099744534000088 ], [ -121.463846266000118, 47.09468919600004 ], [ -121.458567723999877, 47.092673845 ], [ -121.457680275999564, 47.091986792000078 ], [ -121.457632220999855, 47.091203331000024 ], [ -121.456595072000354, 47.091016886 ], [ -121.454750998000023, 47.089358827000083 ], [ -121.449879658999677, 47.08841903200004 ], [ -121.448113567, 47.087012166000051 ], [ -121.447262250000406, 47.086083769000055 ], [ -121.440918366999597, 47.084355710000075 ], [ -121.438357189000399, 47.085505548000043 ], [ -121.434956440000406, 47.085703439000042 ], [ -121.428048194000326, 47.087366257000021 ], [ -121.418041656, 47.088228315000059 ], [ -121.392282949000275, 47.088882124000058 ], [ -121.379975661000358, 47.087253468000029 ], [ -121.380474519000018, 47.091002075000077 ], [ -121.382028782999683, 47.092752624000056 ], [ -121.382780557999766, 47.094774552000068 ], [ -121.383456344999516, 47.095095352000051 ], [ -121.386913082, 47.094350158000047 ], [ -121.387147516999804, 47.093709096000048 ], [ -121.388863874000165, 47.09334183600005 ], [ -121.391059936000246, 47.092126047000065 ], [ -121.393013552, 47.092028725000034 ], [ -121.39568632199996, 47.094858325000047 ], [ -121.398574896999762, 47.095927200000069 ], [ -121.40292763999966, 47.098581444000025 ], [ -121.408095236999984, 47.118105242000077 ], [ -121.393982633000405, 47.132767367000028 ], [ -121.381331528999965, 47.137260471000062 ], [ -121.368230123999766, 47.139595564000068 ], [ -121.364680999000313, 47.14175999800004 ], [ -121.357711535000163, 47.140006331000045 ], [ -121.353912759999602, 47.140545986000049 ], [ -121.338474634999599, 47.135185840000091 ], [ -121.335110033000177, 47.132688830000049 ], [ -121.332205945, 47.133327204000061 ], [ -121.326129558999838, 47.133567145000029 ], [ -121.320871306000043, 47.135292921 ], [ -121.315548152, 47.133850103000029 ], [ -121.303427655, 47.138895262000034 ], [ -121.297564119999521, 47.148679141000045 ], [ -121.301928413000141, 47.156240586000052 ], [ -121.305975499999803, 47.161947338000054 ], [ -121.311858599999937, 47.163987093000046 ], [ -121.313433555999566, 47.165820442000012 ], [ -121.314325912000243, 47.168066622000055 ], [ -121.317830742999917, 47.173323128000035 ], [ -121.317681805000078, 47.174470782000071 ], [ -121.315063261999896, 47.17722993800006 ], [ -121.311941110999925, 47.179415374000037 ], [ -121.309969179999896, 47.185260286000087 ], [ -121.306136220000155, 47.188029583000024 ], [ -121.311780568999794, 47.199688277000043 ], [ -121.309137325000023, 47.202915252000047 ], [ -121.311654486000364, 47.205595088000031 ], [ -121.31121142700006, 47.207663658000079 ], [ -121.31418487499954, 47.208831371000031 ], [ -121.316940210999675, 47.211826263000049 ], [ -121.321254507999953, 47.213031293000014 ], [ -121.325197585999803, 47.21609193900008 ], [ -121.335240453000281, 47.219184886000029 ], [ -121.338793785999584, 47.218056457000046 ], [ -121.34586126300016, 47.21861426600001 ], [ -121.351123180999664, 47.220626277000051 ], [ -121.353904549999754, 47.220562447000077 ], [ -121.355869314999524, 47.222162012000069 ], [ -121.365080157000264, 47.224389363000064 ], [ -121.365711791999658, 47.226466720000097 ], [ -121.3635339679998, 47.229344518000026 ], [ -121.361851858000321, 47.230511280000037 ], [ -121.358421972000315, 47.234294753000057 ], [ -121.358897432000404, 47.236213586000098 ], [ -121.358476353000086, 47.237511375000082 ], [ -121.360761545000017, 47.240531325000077 ], [ -121.339848142000164, 47.247151897000023 ], [ -121.331955199000319, 47.258779789000059 ], [ -121.338760870000087, 47.268327518000049 ], [ -121.338365133000366, 47.27597447300009 ], [ -121.341331006000203, 47.277988458000046 ], [ -121.341217158000077, 47.281266622000047 ], [ -121.343718785000135, 47.28265261400005 ], [ -121.36707845500014, 47.29089103900003 ], [ -121.372617428000353, 47.284977499000021 ], [ -121.419117610000043, 47.290908032000068 ], [ -121.41943406700004, 47.286731687000064 ], [ -121.421144309000297, 47.287011079000081 ], [ -121.422416916999936, 47.288032349000019 ], [ -121.425592671000246, 47.288351680000048 ], [ -121.427506688999983, 47.289080292000079 ], [ -121.432860728000279, 47.293834499000077 ], [ -121.430682557000125, 47.296378337000057 ], [ -121.432697042, 47.304960430000023 ], [ -121.434615014999864, 47.305431459000019 ], [ -121.436128473999716, 47.306908966000059 ], [ -121.440640736000034, 47.306918055000054 ], [ -121.443534595999793, 47.307868604000092 ], [ -121.444492540999718, 47.308360525000083 ], [ -121.445351885999557, 47.309890162000016 ], [ -121.444945090000274, 47.31094051300002 ], [ -121.438469413000121, 47.317543335000011 ], [ -121.439840290000276, 47.322589501000067 ], [ -121.436222876, 47.328494175000074 ], [ -121.431588842, 47.329833831000045 ], [ -121.431466809000156, 47.331262686000059 ], [ -121.430451904000194, 47.333339640000062 ], [ -121.430525318000221, 47.334493 ], [ -121.433430748999726, 47.338384319000049 ], [ -121.437828931000126, 47.342099496000053 ], [ -121.438437828000275, 47.343731785000053 ], [ -121.441232131000419, 47.343902282000066 ], [ -121.443804045000022, 47.343379651000099 ], [ -121.448284386, 47.34596504200006 ], [ -121.449762644999637, 47.347930278000057 ], [ -121.451871006000303, 47.347989772000034 ], [ -121.456088664000305, 47.34962083800005 ], [ -121.46039439400036, 47.35277892700006 ], [ -121.462822706999916, 47.353036766000052 ], [ -121.464078449999704, 47.353824055000068 ], [ -121.464248520999519, 47.354421387000066 ], [ -121.465809107999718, 47.366339725000017 ], [ -121.465941765999645, 47.368048452000018 ], [ -121.464209606000281, 47.370523261000066 ], [ -121.459089657999797, 47.373113282000091 ], [ -121.422834991, 47.406000345000024 ], [ -121.427331828999641, 47.42079795800003 ], [ -121.404243977999926, 47.430686062000042 ], [ -121.399629995999646, 47.432305845000052 ], [ -121.396914951000355, 47.431887287000073 ], [ -121.39224239100038, 47.433890369000011 ], [ -121.387491516999503, 47.43362855800008 ], [ -121.385189853, 47.434443921000067 ], [ -121.381468793999943, 47.438387100000043 ], [ -121.385289874999941, 47.444987272000034 ], [ -121.379273962000099, 47.45431030200006 ], [ -121.341566832999675, 47.474672978000058 ], [ -121.324566993000275, 47.479427528000024 ], [ -121.321568640000095, 47.479234018000064 ], [ -121.320660372999598, 47.479735464000029 ], [ -121.318503444999962, 47.479439282000023 ], [ -121.316243054999902, 47.479846491000018 ], [ -121.315842865999926, 47.478869062000037 ], [ -121.314583957000224, 47.477878694000033 ], [ -121.311981487000239, 47.479222781000011 ], [ -121.311312928999598, 47.480399976000037 ], [ -121.311180609999624, 47.482940472000081 ], [ -121.308501367000247, 47.483340167000051 ], [ -121.306672796000257, 47.485010146000029 ], [ -121.302712897, 47.486316266000095 ], [ -121.302594815999939, 47.488286898000062 ], [ -121.301141550999816, 47.491607529000092 ], [ -121.301588643000045, 47.492707791000079 ], [ -121.300362167999765, 47.495848108000089 ], [ -121.296585725000384, 47.499859691000054 ], [ -121.292234713000155, 47.502095372000028 ], [ -121.291820874999516, 47.504096558000064 ], [ -121.290567572000199, 47.504975313000038 ], [ -121.288662052000163, 47.510698158000039 ], [ -121.283405617000042, 47.514875060000072 ], [ -121.285548731999924, 47.517039941000064 ], [ -121.279013260000241, 47.522946888 ], [ -121.26220925599992, 47.523639985000038 ], [ -121.235494473000074, 47.544625185000051 ], [ -121.233052971000163, 47.560580188000074 ], [ -121.216867196999942, 47.569779144000059 ], [ -121.182693353000204, 47.565326324000061 ], [ -121.172206443999983, 47.590238753000072 ], [ -121.151108732000367, 47.595439379000034 ], [ -121.119824106000166, 47.59133848100003 ], [ -121.117934991999519, 47.59676385700007 ], [ -121.115986946999925, 47.597946028000088 ], [ -121.113714155000082, 47.597244912000043 ], [ -121.111840316000155, 47.598731154000085 ], [ -121.111095796999862, 47.599987298000038 ], [ -121.111677620999757, 47.602215496000028 ], [ -121.113211109999597, 47.603482324000041 ], [ -121.115877438999902, 47.604434041000069 ], [ -121.117924098999637, 47.607213333000082 ], [ -121.117920690000062, 47.608097592000043 ], [ -121.120091129000244, 47.611530898000048 ], [ -121.120080243000046, 47.615680340000019 ], [ -121.118337820000093, 47.616585476000068 ], [ -121.114690230000306, 47.617478546000022 ], [ -121.113302798999683, 47.618462248000085 ], [ -121.113769247000207, 47.621691925000022 ], [ -121.117550325999943, 47.624856127000051 ], [ -121.118781321000242, 47.626984855000025 ], [ -121.120150532000139, 47.627387409000079 ], [ -121.122581487999597, 47.627037283000071 ], [ -121.124626835000157, 47.627349797000058 ], [ -121.125280784000324, 47.628133403000028 ], [ -121.126787472999737, 47.631431262000063 ], [ -121.126607355999965, 47.638444685000117 ], [ -121.133711258999924, 47.64561029300009 ], [ -121.123193358000194, 47.663332111000052 ], [ -121.128838270999935, 47.676186513000083 ], [ -121.088310289000077, 47.703146601000078 ], [ -121.0687285810003, 47.70632333700005 ], [ -121.065960025999686, 47.709284875000051 ], [ -121.066314583999542, 47.71417232400006 ], [ -121.069979831999646, 47.717835139000066 ], [ -121.073138068000304, 47.719164534000086 ], [ -121.078273571999887, 47.720016028000046 ], [ -121.08364716699964, 47.722746506000085 ], [ -121.085236686999565, 47.725994305000043 ], [ -121.087382001999643, 47.728502958000028 ], [ -121.084794336000201, 47.729915641000041 ], [ -121.084959732000243, 47.73230300300002 ], [ -121.081539030000158, 47.73447424400004 ], [ -121.079009353000274, 47.739199129000049 ], [ -121.094032885999596, 47.75818979600006 ], [ -121.10922939799984, 47.766765589000052 ], [ -121.113924748999679, 47.770253398000101 ], [ -121.114295136000237, 47.771694309000068 ], [ -121.119498120000401, 47.77584429100002 ], [ -121.119517664000142, 47.77699818300006 ], [ -121.118713192999962, 47.778019051000072 ], [ -121.119193706999937, 47.779942355000074 ], [ -121.195642668999824, 47.780108515000066 ], [ -121.195688658000165, 47.779150735000051 ], [ -121.455550124000041, 47.780583682000028 ], [ -121.585234772000362, 47.777032527000074 ], [ -121.927243506999901, 47.776985689000043 ], [ -121.991793110000202, 47.775349963000053 ], [ -122.166928281000082, 47.776258930000026 ], [ -122.166498801999964, 47.768907539000061 ], [ -122.163723593000157, 47.765275966000026 ], [ -122.166420580999883, 47.765272148000051 ], [ -122.166349987999979, 47.761678718000034 ], [ -122.174587802999525, 47.758344676000029 ], [ -122.175732089000036, 47.733934465000068 ], [ -122.149319102999598, 47.725687136000019 ], [ -122.153807020999764, 47.711248505000093 ], [ -122.154220866999879, 47.711252320000035 ], [ -122.142921755000401, 47.704157004000095 ], [ -122.133739175000073, 47.703992918000068 ], [ -122.1344749189998, 47.707605126 ], [ -122.11741490999988, 47.711643910000092 ], [ -122.114044250000219, 47.710337186000089 ], [ -122.079263342000075, 47.682297043000098 ], [ -122.084201197999818, 47.682068921000024 ], [ -122.080398724000119, 47.667616150000057 ], [ -122.087225074000344, 47.658193840000081 ], [ -122.087711541999923, 47.657378686000101 ], [ -122.068665614000324, 47.616763615000075 ], [ -122.089009232999686, 47.591594793000077 ], [ -122.065961269999519, 47.568924715000051 ], [ -122.057179551000118, 47.570257604000055 ], [ -122.00696781499984, 47.549931226000048 ], [ -122.003384334999566, 47.555862611000073 ], [ -121.994487576000367, 47.549292231000031 ], [ -121.988998311999566, 47.549589599000029 ], [ -121.985775008000019, 47.549311648000042 ], [ -121.987553008999583, 47.54728527400006 ], [ -121.989320676000204, 47.545598516000027 ], [ -121.993581605000287, 47.542706305000088 ], [ -121.991729007000316, 47.540969253000057 ], [ -122.000991617000196, 47.539084392000085 ], [ -121.993497630999585, 47.522409301000067 ], [ -122.020737927999605, 47.519140244000056 ], [ -122.023249966000378, 47.509237800000037 ], [ -122.03138099100012, 47.509188188000017 ], [ -122.036962736999641, 47.515594833000058 ], [ -122.079137227999766, 47.52008665000006 ], [ -122.073476641000042, 47.545154934000017 ], [ -122.094886867999961, 47.548361134000061 ], [ -122.100536812000044, 47.544940932000017 ], [ -122.130843599999693, 47.535017240000066 ], [ -122.153553631000406, 47.545377349000049 ], [ -122.185880470000086, 47.542036279000037 ], [ -122.190983132999634, 47.545740238000072 ], [ -122.196336603999683, 47.539485346000035 ], [ -122.194123702999633, 47.538690638000055 ], [ -122.191165842999965, 47.525081588000027 ], [ -122.187456486999878, 47.52204251200002 ], [ -122.16993839699964, 47.510501717000061 ], [ -122.170002151000404, 47.51238956400001 ], [ -122.158896795000359, 47.5187856410001 ], [ -122.143331396000121, 47.51225097500005 ], [ -122.137626854999496, 47.483353444000045 ], [ -122.121149637999778, 47.484488890000051 ], [ -122.120298337000079, 47.483566609000015 ], [ -122.153535537999915, 47.473974794000092 ], [ -122.153773771000402, 47.459026857000019 ], [ -122.170217866999678, 47.446346308000031 ], [ -122.174728600999856, 47.429396455000052 ], [ -122.158841942999516, 47.415937724000067 ], [ -122.159998395999665, 47.401389334000051 ], [ -122.144444245000045, 47.385853095000058 ], [ -122.144114689999938, 47.368827687000064 ], [ -122.12931972099976, 47.358031721000032 ], [ -122.176363435999576, 47.308048647000092 ], [ -122.201186322999916, 47.306275466000066 ], [ -122.197584232999887, 47.303757304000051 ], [ -122.195251378999643, 47.301454330000034 ], [ -122.181481029000039, 47.300582826000038 ], [ -122.171127823999839, 47.286383695000012 ], [ -122.144562013999945, 47.284026620000098 ], [ -122.154046455000113, 47.263085670000073 ], [ -122.148090103000342, 47.25884266200007 ], [ -122.146719049999561, 47.259104606000051 ], [ -122.144748230999795, 47.257431513000043 ], [ -122.143982858999834, 47.25738505000006 ], [ -122.143243457000139, 47.255993923000077 ], [ -122.142338240999919, 47.255501146000029 ], [ -122.13725339899996, 47.255177503 ], [ -122.136769892000274, 47.254378802000105 ], [ -122.137580623000403, 47.253360609000019 ], [ -122.138087770000396, 47.251237436000046 ], [ -122.134635315000295, 47.244323908000055 ], [ -122.12379054, 47.239915641000046 ], [ -122.125897026999965, 47.234014486000049 ], [ -122.125473461000325, 47.232321644000059 ], [ -122.1228274420004, 47.232024178000053 ], [ -122.120753886999765, 47.230949436000074 ], [ -122.115835390999678, 47.231389044 ], [ -122.115076123999799, 47.230907734 ], [ -122.114671780999515, 47.229911763000096 ], [ -122.114898452000418, 47.228926997000016 ], [ -122.117406264, 47.226802212000074 ], [ -122.112872298999804, 47.223471889000059 ], [ -122.1111224779998, 47.219481884000068 ], [ -122.11577888699972, 47.215982317000083 ], [ -122.110930406000122, 47.212533211000071 ], [ -122.100727805, 47.200077268 ], [ -122.094778851000285, 47.194982268000054 ], [ -122.085465174999683, 47.19347784700004 ], [ -122.081350728999837, 47.190229996000028 ], [ -122.07017259300018, 47.187649463000056 ], [ -122.06752745499962, 47.187708944000057 ], [ -122.06339959199984, 47.185884594000072 ], [ -122.058444164999884, 47.179917382000056 ], [ -122.054311951000145, 47.178606592000072 ], [ -122.053855089000166, 47.177967256000073 ], [ -122.054207970999727, 47.177094917000034 ], [ -122.053697904999638, 47.175725837000101 ], [ -122.050950802999594, 47.17390032400003 ], [ -122.049331563000237, 47.172133025000058 ], [ -122.047500167999715, 47.171235759000062 ], [ -122.045156049999875, 47.171245820000081 ], [ -122.041478826, 47.172730794000046 ], [ -122.036393876999924, 47.172805971000066 ], [ -122.031948682999527, 47.175012777000042 ], [ -122.012738769999899, 47.176055904000052 ], [ -122.009772764999838, 47.175409074000086 ], [ -122.006710066000139, 47.172883262000063 ], [ -122.006789195000238, 47.170969491000072 ], [ -122.004548024000243, 47.17020100600007 ], [ -122.000611310000039, 47.170202080000074 ], [ -121.997465907999882, 47.172198063000046 ], [ -121.993946588000242, 47.172575358000103 ], [ -121.993662066999676, 47.167717356 ], [ -121.991181422000039, 47.163082386000042 ], [ -121.988533065999675, 47.162983125000039 ], [ -121.983963209999843, 47.164666344000089 ], [ -121.984027316000038, 47.166329773000015 ], [ -121.979021487999674, 47.164979326000051 ], [ -121.979089552000403, 47.163888190000065 ] ], [ [ -121.949172003999877, 47.197149628000062 ], [ -121.9994717539996, 47.192028440000051 ], [ -122.016394532999726, 47.211070183000032 ], [ -121.979126857000367, 47.220982949000067 ], [ -121.978754680999486, 47.206327021000064 ], [ -121.949841806999956, 47.200192617000042 ], [ -121.949172003999877, 47.197149628000062 ] ], [ [ -121.961211194000199, 47.284852 ], [ -121.964527382999705, 47.288927273000063 ], [ -121.961824724000337, 47.288374288000057 ], [ -121.959338294000247, 47.288386831000039 ], [ -121.961211194000199, 47.284852 ] ], [ [ -122.053945798000242, 47.339445516000097 ], [ -122.027103705999963, 47.343466271000061 ], [ -122.028078273999895, 47.329576953000043 ], [ -121.996125264999847, 47.329531679000077 ], [ -121.985309901999884, 47.318300145000109 ], [ -121.985181944999738, 47.30001298100008 ], [ -122.031690275000244, 47.286794254000057 ], [ -122.038375786999936, 47.286779820000028 ], [ -122.03968670399982, 47.325326451000073 ], [ -122.045978021000195, 47.336251853000057 ], [ -122.053945798000242, 47.339445516000097 ] ], [ [ -121.843088695000276, 47.546924185000094 ], [ -121.828733889999725, 47.548821928000059 ], [ -121.811011665999757, 47.536074204000059 ], [ -121.797020901999659, 47.523405776000068 ], [ -121.794683749000242, 47.524740076000072 ], [ -121.781788399000263, 47.522914688000078 ], [ -121.783208753999844, 47.520386215000059 ], [ -121.785825015999635, 47.519052898000069 ], [ -121.788570106999643, 47.514924490000062 ], [ -121.78781650499964, 47.514047952000034 ], [ -121.786508959999537, 47.508799967000051 ], [ -121.769287325999599, 47.503177868000066 ], [ -121.763692155999635, 47.487119294000095 ], [ -121.740238179999594, 47.478195425000088 ], [ -121.740639182999914, 47.478427594000017 ], [ -121.733032597999724, 47.482281088 ], [ -121.712875037000202, 47.465712600000074 ], [ -121.748117553000242, 47.474114945000075 ], [ -121.763404413999837, 47.481709278000018 ], [ -121.806957188999505, 47.485071984000079 ], [ -121.806836959000222, 47.503264812000019 ], [ -121.828072113000246, 47.513521808000043 ], [ -121.828501587000318, 47.528231932000025 ], [ -121.865577144000198, 47.52907465400007 ], [ -121.880946867000233, 47.51455330400006 ], [ -121.887379315999965, 47.547313378000077 ], [ -121.843088695000276, 47.546924185000094 ] ], [ [ -121.985710146000102, 47.749828120000075 ], [ -121.981109149999796, 47.751226349000049 ], [ -121.959527872000038, 47.740918112000017 ], [ -121.961008241000314, 47.724497726000038 ], [ -121.986876702999936, 47.725585037000023 ], [ -121.991700523999938, 47.739318338000018 ], [ -121.989618560000224, 47.740372776000072 ], [ -121.985710146000102, 47.749828120000075 ] ], [ [ -122.056519087999675, 47.716801488000037 ], [ -122.035776578000323, 47.708094449000029 ], [ -122.046602039999954, 47.701851289000075 ], [ -122.057405352999595, 47.694777370000033 ], [ -122.056519087999675, 47.716801488000037 ] ], [ [ -121.832202148999514, 47.508336347000096 ], [ -121.839162495999673, 47.513785131000056 ], [ -121.833886772000113, 47.512102856000048 ], [ -121.833917280999685, 47.51063419900003 ], [ -121.832202148999514, 47.508336347000096 ] ] ], [ [ [ -122.224713117000135, 47.279480378000052 ], [ -122.2240832829998, 47.28276065600005 ], [ -122.225003797000284, 47.282748778000041 ], [ -122.225430891000258, 47.28195454100004 ], [ -122.224713117000135, 47.279480378000052 ] ] ], [ [ [ -122.23409895499988, 47.368886542000041 ], [ -122.240074430000362, 47.368635755000078 ], [ -122.239110295999765, 47.353603165000031 ], [ -122.207336045000304, 47.361677554000018 ], [ -122.212726703000286, 47.36799884200007 ], [ -122.221881813999602, 47.367985197000067 ], [ -122.227258158000424, 47.368079550000068 ], [ -122.227103051999862, 47.361581842000092 ], [ -122.235157161999922, 47.362035550000016 ], [ -122.236752973999558, 47.362876202000031 ], [ -122.23409895499988, 47.368886542000041 ] ] ], [ [ [ -122.10556424999956, 47.664007400000038 ], [ -122.110958244000258, 47.667089664000038 ], [ -122.126423253000326, 47.66679060500006 ], [ -122.125808824000359, 47.661375223000029 ], [ -122.112583242000255, 47.654886452000049 ], [ -122.091944094999761, 47.653662494000045 ], [ -122.10556424999956, 47.664007400000038 ] ] ], [ [ [ -122.16434117600032, 47.685426808000074 ], [ -122.16188260600012, 47.685857873000018 ], [ -122.161785329000182, 47.685407739 ], [ -122.159969539000073, 47.686098204000082 ], [ -122.162653181999801, 47.687624077000081 ], [ -122.164724563000178, 47.68771944100007 ], [ -122.16434117600032, 47.685426808000074 ] ] ] ] } },
{ "type": "Feature", "properties": { "psap_name": "KITTCOM" }, "geometry": { "type": "MultiPolygon", "coordinates": [ [ [ [ -120.216521299999755, 47.247628799000047 ], [ -120.21652246399988, 47.258148597000066 ], [ -120.205996749000207, 47.262286425000077 ], [ -120.280546127999884, 47.26111967700006 ], [ -120.389197179999954, 47.260935519000043 ], [ -120.393472792000196, 47.263682550000077 ], [ -120.395955118000202, 47.267145478000046 ], [ -120.399781147999633, 47.269509734000081 ], [ -120.406036697000445, 47.274068181000089 ], [ -120.418136069999719, 47.27518668000004 ], [ -120.426794144000354, 47.274395342000069 ], [ -120.433544256999838, 47.278785009000032 ], [ -120.435321730000197, 47.281461160000063 ], [ -120.447183828000234, 47.288544347000055 ], [ -120.459895949999833, 47.300304797000081 ], [ -120.487653096999722, 47.311083870000061 ], [ -120.49385243399972, 47.315542195000013 ], [ -120.496081797999977, 47.316043674000099 ], [ -120.497585451999925, 47.317582103000078 ], [ -120.515329064000156, 47.320147872000049 ], [ -120.557986085000366, 47.306577044000043 ], [ -120.564433183999682, 47.30822268600005 ], [ -120.568543470000279, 47.310425589000069 ], [ -120.570317612999759, 47.310836809000079 ], [ -120.570608619000339, 47.311391449000048 ], [ -120.570530301000161, 47.322280464000052 ], [ -120.576906404999917, 47.326255462000042 ], [ -120.576603963000238, 47.329031539000013 ], [ -120.578757867000277, 47.332183238 ], [ -120.578518974000403, 47.334809209000078 ], [ -120.585243095999743, 47.334692930000074 ], [ -120.594072083999919, 47.335995877000101 ], [ -120.600378584999859, 47.332136491000014 ], [ -120.612854814999693, 47.331488489000016 ], [ -120.628890291000161, 47.334848299000015 ], [ -120.645589367999634, 47.330246895000066 ], [ -120.66774447600028, 47.326639469000035 ], [ -120.690835073999622, 47.319439540000069 ], [ -120.695697711999884, 47.304070656000057 ], [ -120.70093215100016, 47.299140737000066 ], [ -120.697011558999677, 47.287274889000066 ], [ -120.698175344999584, 47.275693534000055 ], [ -120.692549577000307, 47.249666695000037 ], [ -120.697396641999916, 47.24337909500008 ], [ -120.695214333000237, 47.22610277800004 ], [ -120.699726515000179, 47.207838655000053 ], [ -120.707733274000304, 47.203546193000086 ], [ -120.702129722999899, 47.175657022000081 ], [ -120.705122778999566, 47.16347555100004 ], [ -120.681687792000361, 47.127894585000057 ], [ -120.668694342999714, 47.120500518000028 ], [ -120.655170229999641, 47.092309220000082 ], [ -120.62859106399992, 47.073897044000027 ], [ -120.608675915000376, 47.047490683 ], [ -120.643827877999982, 47.056995363000063 ], [ -120.691850925999958, 47.09895655 ], [ -120.714714845999623, 47.108835278000051 ], [ -120.7270818100002, 47.124768869 ], [ -120.782321736000355, 47.131820691 ], [ -120.812305761000061, 47.164599207000037 ], [ -120.829033469999914, 47.166888686000028 ], [ -120.896968467999884, 47.186160039000065 ], [ -120.900875051999719, 47.182781082000055 ], [ -120.936546282999799, 47.190905691000083 ], [ -120.953841507000377, 47.193067589000037 ], [ -120.95851714700008, 47.194367641000042 ], [ -120.965989112999694, 47.193463891000064 ], [ -120.99554159200008, 47.184735103 ], [ -121.0310823439996, 47.18191716300003 ], [ -121.038869772999874, 47.182078743000012 ], [ -121.042121652999697, 47.183833231000065 ], [ -121.048326765999917, 47.192303621000029 ], [ -121.106465249000365, 47.212780224000056 ], [ -121.146220893999796, 47.219529303000087 ], [ -121.165632955000078, 47.2291922530001 ], [ -121.194030158999823, 47.253231933000016 ], [ -121.236602883000117, 47.267666344000098 ], [ -121.254214055000034, 47.267340970000078 ], [ -121.270258431999721, 47.27118095100009 ], [ -121.280661502999664, 47.279352747000061 ], [ -121.286323263999563, 47.295146311000039 ], [ -121.300038899000384, 47.300997760000023 ], [ -121.312036031000204, 47.308868673000049 ], [ -121.315423031999899, 47.313721317000045 ], [ -121.330984973000099, 47.326184802000029 ], [ -121.364710450000103, 47.344553550000072 ], [ -121.373088731999545, 47.361566813000053 ], [ -121.376998830000318, 47.371915864000094 ], [ -121.380084043999716, 47.387059312000062 ], [ -121.387299844, 47.392018155000102 ], [ -121.398967866999797, 47.395271895000079 ], [ -121.411487453000163, 47.405404980000078 ], [ -121.422820293999607, 47.405994639000049 ], [ -121.458977757000156, 47.373115596000062 ], [ -121.46206934500016, 47.370842787000072 ], [ -121.464249063999659, 47.370472392000067 ], [ -121.465927069999964, 47.36804275400003 ], [ -121.465872553999603, 47.366529576000083 ], [ -121.463263197999765, 47.362682739000022 ], [ -121.461255053999963, 47.361267294000037 ], [ -121.461428238, 47.359166341000062 ], [ -121.463086193000379, 47.357048645000077 ], [ -121.464188507999523, 47.35399794500006 ], [ -121.462900384999884, 47.353058490000087 ], [ -121.460301290000103, 47.352731544000079 ], [ -121.45607397399958, 47.349615139000022 ], [ -121.451856315999578, 47.347984073000092 ], [ -121.449747955999641, 47.34792457700005 ], [ -121.448269698999681, 47.345959343000082 ], [ -121.443877707999576, 47.343408875000101 ], [ -121.441118245999604, 47.343902870000079 ], [ -121.438423140999873, 47.343726084000011 ], [ -121.437814246000315, 47.342093795000011 ], [ -121.433416063999914, 47.338378618000014 ], [ -121.430613808999695, 47.334680644000052 ], [ -121.430407816000297, 47.333470738000095 ], [ -121.431527310999883, 47.329889181000077 ], [ -121.436208192999842, 47.328488475000022 ], [ -121.439829661999795, 47.322575106000045 ], [ -121.438454733000313, 47.317537636000097 ], [ -121.444930412000161, 47.310934816000064 ], [ -121.445337206999639, 47.309884464000071 ], [ -121.444477862999605, 47.308354827000052 ], [ -121.443519916999847, 47.307862905000043 ], [ -121.440626057000074, 47.306912357000023 ], [ -121.436113797000317, 47.306903266000035 ], [ -121.432682366000435, 47.30495473100008 ], [ -121.430667883000154, 47.296372639000026 ], [ -121.432846055000155, 47.293828802000057 ], [ -121.430221519000085, 47.29203492100001 ], [ -121.427274492999857, 47.288932194000033 ], [ -121.422402247000207, 47.288026650000049 ], [ -121.421129638999659, 47.287005380000053 ], [ -121.419419397000325, 47.286725988000029 ], [ -121.419102938999558, 47.290902332000059 ], [ -121.372602767999766, 47.284971794000064 ], [ -121.367063792999915, 47.290885334000038 ], [ -121.3543035739998, 47.283845789000047 ], [ -121.351328342999921, 47.284598036000055 ], [ -121.349825345000141, 47.283158635000071 ], [ -121.34370412999958, 47.282646908000054 ], [ -121.341202502999536, 47.281260913000018 ], [ -121.34131635099962, 47.277982751000053 ], [ -121.338350477999782, 47.275968765000059 ], [ -121.338746218999745, 47.26832181100005 ], [ -121.331940549999644, 47.258774082000059 ], [ -121.339833495, 47.247146191000063 ], [ -121.360746897000041, 47.240525623000053 ], [ -121.358461705999886, 47.237505673000058 ], [ -121.358385685999806, 47.234353123000083 ], [ -121.365568723999715, 47.226984137000059 ], [ -121.365131168999682, 47.224492745000092 ], [ -121.355854670999719, 47.22215630900007 ], [ -121.354077794999924, 47.220615281000022 ], [ -121.351108539000421, 47.220620574000066 ], [ -121.346138692999901, 47.218661266000019 ], [ -121.338581130999685, 47.218050838000089 ], [ -121.335325185000315, 47.219188910000078 ], [ -121.328162436999804, 47.217045004000056 ], [ -121.325106396000379, 47.216048752000056 ], [ -121.317004248000273, 47.21186592700009 ], [ -121.314170239999953, 47.208825665000077 ], [ -121.311196794000153, 47.207657951000066 ], [ -121.311639853000401, 47.205589382000049 ], [ -121.309122692999935, 47.202909546000065 ], [ -121.311765935999915, 47.199682571000032 ], [ -121.306121592000281, 47.188023877000013 ], [ -121.311926483999841, 47.179409670000055 ], [ -121.317565487000365, 47.174586796000042 ], [ -121.316402239999519, 47.171461038000054 ], [ -121.31345783600014, 47.165878485000029 ], [ -121.31184397700008, 47.163981390000068 ], [ -121.305960877999766, 47.16194163300004 ], [ -121.301913791999922, 47.156234882000035 ], [ -121.297549501999683, 47.148673436000109 ], [ -121.303413038999807, 47.138889560000052 ], [ -121.315533535999776, 47.133844401000047 ], [ -121.335095412999806, 47.13268313 ], [ -121.338460015000138, 47.135180141000028 ], [ -121.343112791000181, 47.135901968000027 ], [ -121.344504163999616, 47.137129740000013 ], [ -121.349723263999607, 47.137920623000085 ], [ -121.353898134000261, 47.140540289000057 ], [ -121.357696909999717, 47.140000633000071 ], [ -121.364566305000096, 47.141758803000066 ], [ -121.368215498000396, 47.139589867000041 ], [ -121.381316901000062, 47.137254776000049 ], [ -121.393968003999802, 47.132761673000054 ], [ -121.408080609000081, 47.118099551000071 ], [ -121.402807898000262, 47.106438147000027 ], [ -121.39905844000036, 47.10459804400007 ], [ -121.399753246000159, 47.101719724000063 ], [ -121.402799136999874, 47.099447582000046 ], [ -121.403020490000358, 47.098998551000108 ], [ -121.402526130999917, 47.098012558 ], [ -121.395671701999561, 47.094852634000041 ], [ -121.392998933000356, 47.092023034000071 ], [ -121.391045315999847, 47.092120356000045 ], [ -121.388849253999766, 47.093336143000059 ], [ -121.387132895999557, 47.093703405000042 ], [ -121.386264067000155, 47.094583724000103 ], [ -121.383441725999845, 47.09508966100001 ], [ -121.38276593900008, 47.094768861000034 ], [ -121.382014163000179, 47.092746932000082 ], [ -121.380459901000165, 47.090996383000032 ], [ -121.379961044000339, 47.087247776000012 ], [ -121.379201856000122, 47.086728824000019 ], [ -121.378188972000245, 47.083695993000028 ], [ -121.377129020000282, 47.082203165000095 ], [ -121.374931085000242, 47.080830664000068 ], [ -121.369852740999846, 47.078800859000054 ], [ -121.366119842000401, 47.075802447000093 ], [ -121.366262593999963, 47.073696895000062 ], [ -121.364090881000038, 47.071667969000046 ], [ -121.361891421000195, 47.070904998000053 ], [ -121.357428398999659, 47.071139715000051 ], [ -121.350937359999662, 47.076885186000027 ], [ -121.340889659000197, 47.079364812000051 ], [ -121.337925635000033, 47.077702425000048 ], [ -121.335673221000363, 47.075843207000041 ], [ -121.329134120999882, 47.075521857000062 ], [ -121.32578467200004, 47.076432509000014 ], [ -121.318474682999906, 47.075563202000033 ], [ -121.311258542, 47.076915145000065 ], [ -121.308751890000323, 47.078646436000028 ], [ -121.306581853999646, 47.082227517000042 ], [ -121.301375465000106, 47.085188044000063 ], [ -121.297836487, 47.08610982900008 ], [ -121.281010436999637, 47.088749699000061 ], [ -121.218118686999645, 47.064958684000018 ], [ -121.209898525000341, 47.05322707700001 ], [ -121.189753301000295, 47.042448775000054 ], [ -121.165568858000114, 47.035496214000041 ], [ -121.159933243000182, 47.029777377000109 ], [ -121.151855805999801, 47.02687166300008 ], [ -121.142998258000105, 47.021856007000054 ], [ -121.141164146000094, 47.019007746000078 ], [ -121.13883787800016, 47.018683393000039 ], [ -121.138472895000234, 47.018164112000093 ], [ -121.135764703000319, 47.017232764000042 ], [ -121.134026422999938, 47.015332579000059 ], [ -121.13329232999952, 47.012219321000053 ], [ -121.131097409999796, 47.009642603000017 ], [ -121.127109650999714, 47.007299433000071 ], [ -121.123564749000167, 47.003706137000073 ], [ -121.122838401999957, 47.002937508000031 ], [ -121.122379501000381, 47.001720848000055 ], [ -121.123715066000159, 47.000062932000048 ], [ -121.12376027499964, 46.999119803000013 ], [ -121.121609093999879, 46.999210939000086 ], [ -121.120509213000361, 46.998012449000029 ], [ -121.118122130999637, 46.997798757000055 ], [ -121.116788220000402, 46.997153310000023 ], [ -121.11460555400032, 46.997289069000047 ], [ -121.111864129999674, 46.995153254000051 ], [ -121.105087358000233, 46.995510932000052 ], [ -121.100813500999919, 46.991023059000042 ], [ -121.090053897000061, 46.991007098000033 ], [ -121.0899571759998, 46.969295006 ], [ -121.06884979700034, 46.958465136000015 ], [ -121.042442421000402, 46.922153596000058 ], [ -121.026619823000274, 46.911308416000068 ], [ -120.814291263, 46.910973309 ], [ -120.634561842999716, 46.912129638000053 ], [ -120.633980914000318, 46.825776492000031 ], [ -120.551181111999639, 46.825496927000046 ], [ -120.508604741000084, 46.824861934000062 ], [ -120.508602319000119, 46.780950539000081 ], [ -120.509999949999781, 46.737946063999985 ], [ -120.448992522000395, 46.737576530000098 ], [ -120.447819638999675, 46.73985050000006 ], [ -120.447702575000307, 46.74137488300002 ], [ -120.45233804999954, 46.746394735000095 ], [ -120.458760239999762, 46.74805059200002 ], [ -120.455566913000425, 46.751601045000037 ], [ -120.457226239999514, 46.755352390000049 ], [ -120.453775002999961, 46.758021928000083 ], [ -120.453195025000241, 46.761952725000093 ], [ -120.455812867999924, 46.764723131000068 ], [ -120.455931107000154, 46.765909434000051 ], [ -120.455006018000319, 46.766659549000082 ], [ -120.448429340999894, 46.772105332000109 ], [ -120.453335334999764, 46.777433610000053 ], [ -120.450679176000165, 46.786293880000059 ], [ -120.460538948000362, 46.796608646000038 ], [ -120.441210223000198, 46.803654318 ], [ -120.46072354699966, 46.828147402000063 ], [ -120.463532519999518, 46.852943453000087 ], [ -120.480648090000116, 46.854585371000049 ], [ -120.482626167000205, 46.856880115000109 ], [ -120.478859609000224, 46.862743038000062 ], [ -120.483013879000083, 46.870673571000026 ], [ -120.493852972999676, 46.88530417700008 ], [ -120.498659744999699, 46.892799440000026 ], [ -120.504211302000144, 46.897334946000029 ], [ -120.502930734999836, 46.899077995000063 ], [ -120.4955614349999, 46.898585985000047 ], [ -120.493025002999644, 46.901891093000067 ], [ -120.494579897000364, 46.90402300500007 ], [ -120.504509485999776, 46.909536703000057 ], [ -120.510234741999938, 46.926265758000035 ], [ -120.510654411000104, 46.970722497000061 ], [ -120.375437529000038, 46.973316493000048 ], [ -120.346987960999556, 46.970374267000032 ], [ -120.32750602799986, 46.961540361000061 ], [ -120.288269974000016, 46.952885632000083 ], [ -120.233134107999703, 46.945257428000069 ], [ -120.160486045000397, 46.945091100000077 ], [ -120.147905311000287, 46.94381975000001 ], [ -120.12884138099956, 46.939154376000019 ], [ -120.093552686999899, 46.946091608000089 ], [ -120.043317712000018, 46.937645774000032 ], [ -120.004605392000244, 46.941398875000068 ], [ -119.982455771999938, 46.940450981000033 ], [ -119.966238301999525, 46.943877463000028 ], [ -120.001381184, 46.994273391 ], [ -120.008729467000322, 47.035753859000046 ], [ -120.041457726999838, 47.065649515000082 ], [ -120.038981569999521, 47.084413664000053 ], [ -120.034225258000404, 47.093630904000065 ], [ -120.027678995000016, 47.104835322000064 ], [ -120.025282797000017, 47.10697579600005 ], [ -120.018617343999722, 47.110015001000093 ], [ -120.013697567000236, 47.110908447000064 ], [ -120.011123820999799, 47.112164320000034 ], [ -120.010088274999902, 47.113413314000077 ], [ -120.008716760000041, 47.11802407400004 ], [ -120.004541229999958, 47.12261906600002 ], [ -120.001587023000297, 47.127778840000062 ], [ -120.000089000999765, 47.136583273000049 ], [ -120.001210780000065, 47.146029261000066 ], [ -120.010200406999516, 47.172526491000028 ], [ -120.003700622999943, 47.18342415000005 ], [ -120.002443377999967, 47.209300754000033 ], [ -120.002490091000197, 47.211856601000108 ], [ -120.003312321000038, 47.214753394000049 ], [ -120.007073543000061, 47.220133017000073 ], [ -120.009117474999542, 47.221941296000047 ], [ -120.013960749999796, 47.225294671000029 ], [ -120.017536231999983, 47.226466641000052 ], [ -120.031589822999635, 47.226590146000042 ], [ -120.045115606000181, 47.22583386500002 ], [ -120.051844487999759, 47.224451540000082 ], [ -120.061419793999676, 47.223879184000083 ], [ -120.07152063100034, 47.224500666000033 ], [ -120.075968922999962, 47.225898187000027 ], [ -120.077594448000241, 47.226981271000064 ], [ -120.088523693999562, 47.237239002000088 ], [ -120.092208646999964, 47.242331763000038 ], [ -120.096230185000238, 47.253625530000086 ], [ -120.096224359999638, 47.255465897000079 ], [ -120.094769721000276, 47.25932281700009 ], [ -120.094459340000043, 47.262159567 ], [ -120.174513623000195, 47.262276583000101 ], [ -120.174343099999561, 47.246746899000051 ], [ -120.216521299999755, 47.247628799000047 ] ] ], [ [ [ -120.706697006000155, 47.19383405800005 ], [ -120.731136166999875, 47.200629525000082 ], [ -120.762966440000142, 47.19190803000005 ], [ -120.776093724000319, 47.196209830000029 ], [ -120.809525981000235, 47.19225026400008 ], [ -120.847570707000315, 47.175739723000049 ], [ -120.811687163999594, 47.164699839000022 ], [ -120.782816986000242, 47.132378651000039 ], [ -120.72674298699954, 47.124988394000049 ], [ -120.714494189000362, 47.109115111000065 ], [ -120.692028316000219, 47.099523976000029 ], [ -120.643880107000115, 47.057490407000046 ], [ -120.609404702999839, 47.048006558000061 ], [ -120.62936059099998, 47.074223534000048 ], [ -120.655441788999624, 47.092078478000083 ], [ -120.668988865, 47.12029982600005 ], [ -120.681863384999943, 47.127584500000054 ], [ -120.705204924999634, 47.162744259000057 ], [ -120.706697006000155, 47.19383405800005 ] ] ], [ [ [ -121.114413984999715, 47.597195319000029 ], [ -121.117920297999518, 47.596758107 ], [ -121.119809413999761, 47.591332731000058 ], [ -121.151094034999957, 47.595433634000102 ], [ -121.172191743000283, 47.590233011000059 ], [ -121.182678658000356, 47.565320583000073 ], [ -121.216852492999877, 47.569773407000092 ], [ -121.233038267000083, 47.560574454000054 ], [ -121.235479773000193, 47.544619451000088 ], [ -121.26219455799972, 47.523634255000047 ], [ -121.278998557999799, 47.522941159000041 ], [ -121.285534029999525, 47.517034214 ], [ -121.283390916000343, 47.51486933300005 ], [ -121.288647352000282, 47.510692432000049 ], [ -121.290552873000138, 47.504969587000055 ], [ -121.291806174999664, 47.50409083200006 ], [ -121.292320658999657, 47.501964638000089 ], [ -121.300347467999899, 47.495842384000063 ], [ -121.301126854000344, 47.491601805000052 ], [ -121.302580117999725, 47.488281175000033 ], [ -121.302817853000221, 47.486198849000068 ], [ -121.311540424999777, 47.479594589000051 ], [ -121.314074959, 47.477943271000044 ], [ -121.315021616999843, 47.478006681000068 ], [ -121.316228356999659, 47.479840769000056 ], [ -121.318488746999719, 47.479433561000043 ], [ -121.320645673999579, 47.479729743000057 ], [ -121.321553941999881, 47.479228297000063 ], [ -121.324552294000284, 47.479421807000023 ], [ -121.341552132999823, 47.474667260000032 ], [ -121.379259261000399, 47.454304589000031 ], [ -121.385275174000256, 47.444981560000024 ], [ -121.381454096999562, 47.438381388000046 ], [ -121.385108323999702, 47.434489604000099 ], [ -121.387476818000366, 47.433622847000045 ], [ -121.392227692000318, 47.433884658000068 ], [ -121.396900252000322, 47.431881577000055 ], [ -121.399615296999599, 47.432300134000073 ], [ -121.408345457000081, 47.428043313000018 ], [ -121.410848764999599, 47.414897605000071 ], [ -121.403393333000324, 47.402027962000012 ], [ -121.383532148999706, 47.391288482000029 ], [ -121.379574334000196, 47.387953694000032 ], [ -121.377206002999742, 47.382888550000054 ], [ -121.372651963000195, 47.361819375000039 ], [ -121.3641751629998, 47.344318478000048 ], [ -121.322513307999856, 47.322642946 ], [ -121.311863577999716, 47.309656317000069 ], [ -121.301871265999594, 47.302674827000025 ], [ -121.287590504000306, 47.297754846000018 ], [ -121.282621739000064, 47.289341144000048 ], [ -121.280256688000236, 47.279646614000065 ], [ -121.269955647999737, 47.271537382000048 ], [ -121.253835552000282, 47.267780428000052 ], [ -121.230766258999537, 47.269884719000075 ], [ -121.198649477999879, 47.256752156000054 ], [ -121.14936185499964, 47.221131270000051 ], [ -121.106713382000279, 47.213515230000056 ], [ -121.051183705999676, 47.195368843000068 ], [ -121.038939414000239, 47.18266318600007 ], [ -120.994472, 47.185559171000058 ], [ -120.964126873999817, 47.194714570000059 ], [ -120.957916212999905, 47.194834430000093 ], [ -120.954676930999696, 47.193777819000019 ], [ -120.93626905599956, 47.191509712000048 ], [ -120.903926736000216, 47.184276381000053 ], [ -120.900174841000322, 47.18753751200002 ], [ -120.858986599000403, 47.175777727000082 ], [ -120.846581400999966, 47.176515871000056 ], [ -120.807750928000118, 47.193195491000033 ], [ -120.776083958999635, 47.196566046000051 ], [ -120.762610977999557, 47.19217289500007 ], [ -120.749663903999917, 47.197382930000039 ], [ -120.729367545000287, 47.201017904000068 ], [ -120.717316730999599, 47.199825627000017 ], [ -120.700084417000241, 47.208036430000021 ], [ -120.695492963999882, 47.226583553000083 ], [ -120.697737940000195, 47.243500483000084 ], [ -120.695579233000316, 47.255923153000012 ], [ -120.698531710999958, 47.275697977000021 ], [ -120.697365811999916, 47.287236141000029 ], [ -120.70129186000004, 47.299114577000054 ], [ -120.695907184000077, 47.304466880000028 ], [ -120.69290290300026, 47.317608558000046 ], [ -120.690367539999684, 47.320024769000057 ], [ -120.670578645000234, 47.326298660000042 ], [ -120.65802864200036, 47.329320015000079 ], [ -120.628640665000233, 47.335247443000085 ], [ -120.610923972000222, 47.33162177400002 ], [ -120.594607438000153, 47.336129501000102 ], [ -120.585120954000161, 47.335036006000081 ], [ -120.580356741999879, 47.335497146000108 ], [ -120.578387801000076, 47.335140220000021 ], [ -120.578212027999683, 47.336704485000034 ], [ -120.578971225000103, 47.337380783000079 ], [ -120.591207747999761, 47.339920095000053 ], [ -120.598723490999845, 47.340917660000052 ], [ -120.603031535999676, 47.339087346000056 ], [ -120.606589342999882, 47.339365472000054 ], [ -120.607452283, 47.341295095000071 ], [ -120.608450258999596, 47.342158444000056 ], [ -120.614124894999961, 47.343886329000021 ], [ -120.616769906000343, 47.345286692000052 ], [ -120.619125793000237, 47.345396016000066 ], [ -120.631581567999945, 47.341668209000048 ], [ -120.642704630999759, 47.343597626000097 ], [ -120.649769966999713, 47.341851228000067 ], [ -120.65799396899952, 47.344225458000047 ], [ -120.664367678999838, 47.343305007000041 ], [ -120.669703850999596, 47.345658171000011 ], [ -120.673564090000326, 47.348454503 ], [ -120.674630174999919, 47.350205638000034 ], [ -120.676402047000039, 47.351409765000056 ], [ -120.678710578999883, 47.350507660000041 ], [ -120.67959735199976, 47.34954811600003 ], [ -120.681865720999639, 47.35036463900007 ], [ -120.682671889000076, 47.352546696000061 ], [ -120.691051083999554, 47.357126681000075 ], [ -120.693206964000353, 47.361298001000073 ], [ -120.700284183000235, 47.365232299000056 ], [ -120.70230128799956, 47.365642939000068 ], [ -120.708437982000163, 47.365310637000086 ], [ -120.711552545999965, 47.367720824000074 ], [ -120.718384365000205, 47.368839555000086 ], [ -120.7211929730002, 47.370051153000105 ], [ -120.723217647000183, 47.372796878000031 ], [ -120.726582486000353, 47.388061777000061 ], [ -120.731739201999602, 47.391127422000089 ], [ -120.73228042800028, 47.392461458000078 ], [ -120.734374331, 47.393755389000042 ], [ -120.747507715000239, 47.393774890000046 ], [ -120.768800042999686, 47.399678522000052 ], [ -120.77572556700008, 47.400049858000024 ], [ -120.783338910999916, 47.399620616000028 ], [ -120.79350535500032, 47.408372673000045 ], [ -120.794333583999943, 47.413939801000019 ], [ -120.799040763000377, 47.41701366700007 ], [ -120.802239566000324, 47.422269606000071 ], [ -120.803330076000236, 47.423049789000068 ], [ -120.82864794599962, 47.423879560000032 ], [ -120.843269461000304, 47.41159929 ], [ -120.861470378000206, 47.420635942000075 ], [ -120.868309972000105, 47.416098142000102 ], [ -120.872410156999564, 47.415399149000059 ], [ -120.876025723999845, 47.417442266000066 ], [ -120.878652896999981, 47.419905558000046 ], [ -120.884934269999576, 47.422554105000103 ], [ -120.887448061999564, 47.425519238000014 ], [ -120.891362517000204, 47.427729642 ], [ -120.902187384999607, 47.427011044000047 ], [ -120.907459966999554, 47.425241519000082 ], [ -120.91066070500024, 47.426467686000102 ], [ -120.913149369999743, 47.428062124000093 ], [ -120.917784507999599, 47.429280080000048 ], [ -120.919498166999844, 47.430785845000052 ], [ -120.924182557000037, 47.433515633000077 ], [ -120.924594699000281, 47.434792351000077 ], [ -120.924027941999753, 47.436056384000047 ], [ -120.924421321999887, 47.439423391000048 ], [ -120.923796487999965, 47.44170831400001 ], [ -120.924758470000057, 47.443015563000039 ], [ -120.922555250000073, 47.44827149800004 ], [ -120.930694124999846, 47.453166150000072 ], [ -120.930935694000084, 47.456561939000053 ], [ -120.930569891, 47.457687491000065 ], [ -120.93351270799964, 47.459328454000079 ], [ -120.940947924999847, 47.459763591000083 ], [ -120.951389078000261, 47.461620440000033 ], [ -120.953118962999966, 47.46265972000004 ], [ -120.95207557499964, 47.463687389000029 ], [ -120.951523438000422, 47.467116882000049 ], [ -120.949401115000043, 47.469059392000091 ], [ -120.949366976, 47.469745738 ], [ -120.946800511000362, 47.471962523000045 ], [ -120.946571246999781, 47.472653564000041 ], [ -120.950095909000154, 47.474987842000061 ], [ -120.950485139000165, 47.475953053000069 ], [ -120.954728563999979, 47.477056235000077 ], [ -120.958944899999679, 47.481107794000096 ], [ -120.95821273100016, 47.483201387000065 ], [ -120.959113372000104, 47.484475348000068 ], [ -120.962216718000306, 47.484825069000081 ], [ -120.968551510999959, 47.488184371000024 ], [ -120.972673759000102, 47.488407383000059 ], [ -120.977499520000023, 47.49047062600004 ], [ -120.979085257000264, 47.490275306000058 ], [ -120.983218128999795, 47.492939315000029 ], [ -120.994599318999605, 47.507213302000039 ], [ -120.991275938999678, 47.511041179000074 ], [ -120.996016204000355, 47.515805638000103 ], [ -120.996501559999714, 47.518502458000064 ], [ -121.006999859999766, 47.52117683000003 ], [ -121.017182256999817, 47.521891747000026 ], [ -121.0214802309996, 47.523505579000101 ], [ -121.023458182000184, 47.523759194000057 ], [ -121.025104422999817, 47.525308023000029 ], [ -121.025861004999953, 47.528932470000029 ], [ -121.030820951999956, 47.531551114000095 ], [ -121.040375057999896, 47.535599864000055 ], [ -121.042904376999559, 47.534985349000053 ], [ -121.045568380000219, 47.535272728000017 ], [ -121.047177843999918, 47.534125798000055 ], [ -121.048640931999515, 47.535681155000056 ], [ -121.054390155000263, 47.538312017000045 ], [ -121.075040567000158, 47.550937299000054 ], [ -121.090138846999693, 47.569923729000031 ], [ -121.09560372600032, 47.588937302000055 ], [ -121.104224083000361, 47.589608737000042 ], [ -121.110726817999804, 47.593065925000069 ], [ -121.111724127000301, 47.596105059000109 ], [ -121.114413984999715, 47.597195319000029 ] ] ], [ [ [ -120.498602470000037, 46.926035986000016 ], [ -120.509864469999883, 46.925989707000049 ], [ -120.504531298000359, 46.910133883000086 ], [ -120.494381328000074, 46.904319069000032 ], [ -120.492721031000116, 46.90233197200007 ], [ -120.493123047, 46.900152664000075 ], [ -120.49527477199976, 46.898320028000057 ], [ -120.497646455999757, 46.897969464 ], [ -120.502760034999639, 46.898739641000056 ], [ -120.502858679999918, 46.896240604000099 ], [ -120.498393494000126, 46.89303631100006 ], [ -120.493566801999705, 46.88551658600003 ], [ -120.475292946000167, 46.883840612 ], [ -120.482647485000157, 46.874508404000046 ], [ -120.478510522999898, 46.862670720000068 ], [ -120.482297753999561, 46.856741261000067 ], [ -120.463252575999803, 46.853164335000038 ], [ -120.460386561999698, 46.828031451000051 ], [ -120.440939091999837, 46.803422826000023 ], [ -120.452397393999874, 46.79142707000004 ], [ -120.450286576000025, 46.78634930500003 ], [ -120.453058050999644, 46.777657518000062 ], [ -120.447972303000185, 46.771784482000072 ], [ -120.448900263000382, 46.768396217000017 ], [ -120.455626067999717, 46.765719289000089 ], [ -120.452874824999796, 46.762111378000057 ], [ -120.453500189000366, 46.757790738000047 ], [ -120.456909021, 46.755189908000027 ], [ -120.452219200000258, 46.746730742000111 ], [ -120.447727143999685, 46.74282112300007 ], [ -120.447482471000313, 46.739734613000024 ], [ -120.44858280499956, 46.73757190200007 ], [ -120.386553169999502, 46.737537474000092 ], [ -120.390012479999555, 46.74983122000004 ], [ -120.374786237999857, 46.778988547000019 ], [ -120.358606064000085, 46.795139625000033 ], [ -120.354466583999624, 46.814716958000062 ], [ -120.375556130999641, 46.841569981000049 ], [ -120.417980791999639, 46.869959683000083 ], [ -120.427091126000235, 46.884526933000053 ], [ -120.498602470000037, 46.926035986000016 ] ] ], [ [ [ -120.34894531399992, 46.970259962000029 ], [ -120.375813234999967, 46.972681420000079 ], [ -120.501485817999679, 46.970241130000055 ], [ -120.507171047000355, 46.94190313700004 ], [ -120.496512536999603, 46.924873967000032 ], [ -120.423988833999616, 46.885847276000042 ], [ -120.417993355999798, 46.872081943000104 ], [ -120.375727589000064, 46.844752990000089 ], [ -120.352270384000363, 46.812717497000037 ], [ -120.358193769999545, 46.792484169000026 ], [ -120.368763139999487, 46.782683406000025 ], [ -120.388760394999807, 46.747551674000064 ], [ -120.385273893999553, 46.737534611000058 ], [ -120.149974187999803, 46.736150960000053 ], [ -120.022602417000286, 46.737430725000095 ], [ -119.973033589999943, 46.737138118000097 ], [ -119.971037564000198, 46.751828534 ], [ -119.964444928000276, 46.76007566500008 ], [ -119.951014807000362, 46.767840589000045 ], [ -119.944715677999682, 46.773057249000054 ], [ -119.940320317000314, 46.778178132000065 ], [ -119.938419589000276, 46.782099715000065 ], [ -119.933695601999887, 46.788356387000057 ], [ -119.927769853000285, 46.797528632000066 ], [ -119.932805710999716, 46.823763900000053 ], [ -119.964612490000107, 46.8569683260001 ], [ -119.965610661999563, 46.875290071000038 ], [ -119.96405084400034, 46.914439797000078 ], [ -119.964083424000265, 46.934548697000018 ], [ -119.965098695999743, 46.937530937000055 ], [ -119.965588693000356, 46.942626514000047 ], [ -119.966090931000195, 46.943641800000051 ], [ -119.980050607999502, 46.940282463000074 ], [ -120.043062569000355, 46.936089351000113 ], [ -120.092366009999694, 46.944756390000073 ], [ -120.127967911999562, 46.938226971000049 ], [ -120.149447558000105, 46.943412783000063 ], [ -120.180614479, 46.942614241000072 ], [ -120.194706336000237, 46.944722087000081 ], [ -120.206572531999583, 46.941540605000071 ], [ -120.290335135999555, 46.952612261000105 ], [ -120.327743374000178, 46.960701276000066 ], [ -120.34894531399992, 46.970259962000029 ] ] ] ] } },
{ "type": "Feature", "properties": { "psap_name": "Kitsap 911" }, "geometry": { "type": "Polygon", "coordinates": [ [ [ -122.42745016799968, 47.743276554000055 ], [ -122.429429651999556, 47.762425 ], [ -122.439822611000324, 47.780186825000072 ], [ -122.442240991999753, 47.785749858000045 ], [ -122.442922582000378, 47.789755901000056 ], [ -122.442884019999497, 47.794150916000028 ], [ -122.441604592000104, 47.800499748000057 ], [ -122.429918393000023, 47.82748296500008 ], [ -122.430219231000279, 47.834772944000065 ], [ -122.4314138809996, 47.840100582000048 ], [ -122.436445235999599, 47.847486179000015 ], [ -122.441472151999761, 47.852737264000083 ], [ -122.469235746999843, 47.876952064000086 ], [ -122.490331392000243, 47.915716592000059 ], [ -122.492975672999918, 47.920444805000038 ], [ -122.495709782000361, 47.924162863000028 ], [ -122.498803622000381, 47.926996461000051 ], [ -122.503307196999927, 47.930124583000079 ], [ -122.511357380000362, 47.933643104000062 ], [ -122.52237228, 47.936903747 ], [ -122.556805269000293, 47.94531077500006 ], [ -122.578315871000299, 47.952597754000102 ], [ -122.586083463999884, 47.956779443000066 ], [ -122.606895782, 47.972811651000058 ], [ -122.620533424000314, 47.966347449000047 ], [ -122.6269130499997, 47.961865252000081 ], [ -122.631049365000038, 47.957098219000024 ], [ -122.635329212999764, 47.949581929000018 ], [ -122.637034981999847, 47.944671688000042 ], [ -122.63775323100036, 47.938428425000033 ], [ -122.634082431000394, 47.922441449000075 ], [ -122.631542664000165, 47.91604285100005 ], [ -122.628267174999962, 47.911211750000078 ], [ -122.624441726000285, 47.906711646000055 ], [ -122.605855543999638, 47.89833021400004 ], [ -122.597522376000157, 47.891269847000061 ], [ -122.595359150999883, 47.885121424 ], [ -122.595702173000163, 47.880806276000037 ], [ -122.597517041999822, 47.87676263 ], [ -122.604046518999965, 47.870990647999989 ], [ -122.613544668000316, 47.866356772000067 ], [ -122.623430961000381, 47.860542220000099 ], [ -122.708141655000162, 47.801006244000078 ], [ -122.716299045000142, 47.794053204000093 ], [ -122.721096553999644, 47.788444257000045 ], [ -122.725853812000224, 47.781610036000039 ], [ -122.691919033999724, 47.76657960700004 ], [ -122.694214808999959, 47.702990484000054 ], [ -122.703161448000046, 47.679302359000062 ], [ -122.7243809670004, 47.676910022000087 ], [ -122.735093171999722, 47.69063995600002 ], [ -122.743308478000344, 47.721258838000054 ], [ -122.763964273000084, 47.721477147000051 ], [ -122.763362859000424, 47.702820756000051 ], [ -122.757958060999513, 47.695674502000017 ], [ -122.759754638000317, 47.686505006000054 ], [ -122.763061051000193, 47.682822242000071 ], [ -122.766278602999833, 47.680114594000059 ], [ -122.775136456, 47.675285316000014 ], [ -122.780302115000083, 47.673554962 ], [ -122.788155989999595, 47.67189241800002 ], [ -122.841760342999919, 47.66773499300006 ], [ -122.860214635000034, 47.662248565000048 ], [ -122.86968738300024, 47.657119681000069 ], [ -122.876269183000247, 47.653049439000029 ], [ -122.8920411659997, 47.641252717000043 ], [ -122.898465036000403, 47.637699307000062 ], [ -122.904792871000154, 47.635450552000059 ], [ -122.920173619000366, 47.631428501000073 ], [ -122.931864891999595, 47.626282875000051 ], [ -122.937826555999962, 47.620923360000035 ], [ -122.942564202000113, 47.612533594000077 ], [ -122.946284089999523, 47.608948965000053 ], [ -122.954569720000421, 47.604482808000078 ], [ -122.967673416000139, 47.599473646000071 ], [ -122.974261189999766, 47.595011073000066 ], [ -122.980557757999719, 47.586969338000102 ], [ -122.990421684000239, 47.570362624000033 ], [ -123.038404232999838, 47.520235615000033 ], [ -122.939664956000158, 47.522512242000062 ], [ -122.864783187999805, 47.521284056000049 ], [ -122.842243806000127, 47.521383089000068 ], [ -122.801011636000155, 47.52040587700003 ], [ -122.801309115999956, 47.490835713000074 ], [ -122.800500026999842, 47.447313348000101 ], [ -122.801243972999885, 47.432633583000069 ], [ -122.801198488000196, 47.403584664000029 ], [ -122.653092937, 47.403091094000068 ], [ -122.588932609999716, 47.403623530000061 ], [ -122.537031991999882, 47.403270418000034 ], [ -122.527917471000265, 47.41613647 ], [ -122.523335017999756, 47.430439010000072 ], [ -122.518978857000064, 47.462234419000026 ], [ -122.48559872999968, 47.506268317000021 ], [ -122.474045317000417, 47.526616635000053 ], [ -122.447016527000045, 47.540044464000054 ], [ -122.453374257999883, 47.569604238000053 ], [ -122.446062658999566, 47.607997559000104 ], [ -122.454908300999719, 47.626560742000052 ], [ -122.45761393699982, 47.685171061000041 ], [ -122.437460072999784, 47.713048392000097 ], [ -122.42745016799968, 47.743276554000055 ] ], [ [ -122.619050111999684, 47.553637713000022 ], [ -122.657944185000261, 47.551358208000075 ], [ -122.653162363000277, 47.563712932 ], [ -122.628023972000136, 47.564924904000051 ], [ -122.619050111999684, 47.553637713000022 ] ] ] } },
{ "type": "Feature", "properties": { "psap_name": "NORCOM" }, "geometry": { "type": "MultiPolygon", "coordinates": [ [ [ [ -122.333779106999543, 47.445184923000035 ], [ -122.358493295000159, 47.450711456000107 ], [ -122.361348902999595, 47.448748431000062 ], [ -122.36266216899962, 47.445176171000035 ], [ -122.348358440999704, 47.415040426000097 ], [ -122.332050406000036, 47.404380726000056 ], [ -122.328933774000305, 47.406380086000055 ], [ -122.327427751000158, 47.40696300200009 ], [ -122.326979523000318, 47.408564744000039 ], [ -122.335224448000034, 47.416077577000074 ], [ -122.335768627000263, 47.431225223000069 ], [ -122.333779106999543, 47.445184923000035 ] ] ], [ [ [ -122.245333608999701, 47.596456625 ], [ -122.253885163999797, 47.582193737000054 ], [ -122.23537811299984, 47.568956771000039 ], [ -122.232339661000196, 47.557112142000065 ], [ -122.244964319000204, 47.538187403000066 ], [ -122.222280370999684, 47.525275888000074 ], [ -122.208424872000265, 47.539451874000036 ], [ -122.208336062999877, 47.563098563000011 ], [ -122.201028566999824, 47.576758829 ], [ -122.225075427999883, 47.593842640000069 ], [ -122.245333608999701, 47.596456625 ] ] ], [ [ [ -122.092252064000121, 47.627275358000063 ], [ -122.110946604, 47.627672419000071 ], [ -122.110988656999595, 47.646028597000047 ], [ -122.143043331000257, 47.627213488000073 ], [ -122.143293096000122, 47.66065191900001 ], [ -122.163951984999798, 47.666532620000083 ], [ -122.163892934000245, 47.682386497000046 ], [ -122.164985882999886, 47.690211295000026 ], [ -122.164419482999719, 47.707571119000058 ], [ -122.157785749000084, 47.711622338000041 ], [ -122.153807020999764, 47.711248505000093 ], [ -122.149319102999598, 47.725687136000019 ], [ -122.175732089000036, 47.733934465000068 ], [ -122.174587802999525, 47.758344676000029 ], [ -122.166349987999979, 47.761678718000034 ], [ -122.166420580999883, 47.765272148000051 ], [ -122.163723593000157, 47.765275966000026 ], [ -122.166498801999964, 47.768907539000061 ], [ -122.166928281000082, 47.776258930000026 ], [ -122.175607131000319, 47.78727127800002 ], [ -122.186377166000085, 47.787446771000077 ], [ -122.186128649999887, 47.814057730000037 ], [ -122.189639368999863, 47.814479987000055 ], [ -122.194084794000247, 47.811700319000103 ], [ -122.198554895000115, 47.811922537000058 ], [ -122.202473790000354, 47.809498415000022 ], [ -122.230055647999507, 47.809409841000068 ], [ -122.243838558, 47.798737154000015 ], [ -122.24378970599966, 47.776972671000046 ], [ -122.22761774799956, 47.776750401000086 ], [ -122.228475627999913, 47.75456317700008 ], [ -122.218805564999926, 47.734167206000045 ], [ -122.242920297000296, 47.732244450000053 ], [ -122.259355888000243, 47.72635452500004 ], [ -122.244671090999717, 47.700330688000079 ], [ -122.220232972999753, 47.696275899000064 ], [ -122.204563338999719, 47.650343387000099 ], [ -122.240495832999642, 47.644247443000019 ], [ -122.241661114000081, 47.61757507600003 ], [ -122.214054096999718, 47.600939232000023 ], [ -122.205854150000377, 47.586738030000042 ], [ -122.204321245999594, 47.583829900000055 ], [ -122.189159235999597, 47.562334550000074 ], [ -122.190983132999634, 47.545740238000072 ], [ -122.185880470000086, 47.542036279000037 ], [ -122.153553631000406, 47.545377349000049 ], [ -122.130843599999693, 47.535017240000066 ], [ -122.100536812000044, 47.544940932000017 ], [ -122.100489665000339, 47.550580305000018 ], [ -122.099734829999718, 47.571802022000064 ], [ -122.11167515399984, 47.576795185000051 ], [ -122.107385295000341, 47.611882659000052 ], [ -122.092252064000121, 47.627275358000063 ] ] ], [ [ [ -122.267400784000202, 47.768510719000034 ], [ -122.269414695999799, 47.773963486000071 ], [ -122.270858599999514, 47.777097375000054 ], [ -122.297728463, 47.777428325000102 ], [ -122.307303932000124, 47.761651530000066 ], [ -122.292447338000144, 47.733758779000013 ], [ -122.269362219999806, 47.75505169500007 ], [ -122.267400784000202, 47.768510719000034 ] ] ] ] } },
{ "type": "Feature", "properties": { "psap_name": "Port of Seattle" }, "geometry": { "type": "MultiPolygon", "coordinates": [ [ [ [ -122.36142484800024, 47.573500229000025 ], [ -122.372993097999597, 47.582169787000034 ], [ -122.370238904999681, 47.574022046000032 ], [ -122.361539474999603, 47.571576840000034 ], [ -122.36142484800024, 47.573500229000025 ] ] ], [ [ [ -122.33845629000038, 47.588535043000014 ], [ -122.336110190999761, 47.600743234000078 ], [ -122.352161111999919, 47.586980594000046 ], [ -122.344487467000164, 47.571759585000081 ], [ -122.340086241999884, 47.586817343000028 ], [ -122.33845629000038, 47.588535043000014 ] ] ], [ [ [ -122.362147406, 47.620451751000083 ], [ -122.363347717999673, 47.621235376000072 ], [ -122.364696395999658, 47.621125835000051 ], [ -122.362147406, 47.620451751000083 ] ] ], [ [ [ -122.376354859999566, 47.655780595000046 ], [ -122.385040793000201, 47.660123639000084 ], [ -122.383209275999519, 47.655693292000095 ], [ -122.377569880000422, 47.65408846400004 ], [ -122.376354859999566, 47.655780595000046 ] ] ], [ [ [ -122.315500217000164, 47.474086461000063 ], [ -122.318204665999644, 47.472304736000083 ], [ -122.326071720000343, 47.454038444000069 ], [ -122.305722047999893, 47.425504529000072 ], [ -122.30154055, 47.425194954000048 ], [ -122.295859221000086, 47.438150269000047 ], [ -122.298609730000081, 47.457414492000055 ], [ -122.291893965999776, 47.459550732000011 ], [ -122.291855839, 47.462995403000043 ], [ -122.299952548000178, 47.464959964000059 ], [ -122.30251793199956, 47.464925626000095 ], [ -122.302534639000143, 47.467228614000078 ], [ -122.299821926000405, 47.46704702600006 ], [ -122.299792211000124, 47.470545160000015 ], [ -122.305043292999642, 47.470361569000048 ], [ -122.308962798, 47.47419055500005 ], [ -122.315500217000164, 47.474086461000063 ] ] ], [ [ [ -122.314855308000034, 47.477675107000053 ], [ -122.305596215999557, 47.476115600000078 ], [ -122.303506006999882, 47.476564608000061 ], [ -122.302477714000275, 47.476985165 ], [ -122.30607122999956, 47.481358416000027 ], [ -122.310032497999984, 47.486878111000088 ], [ -122.311585605999923, 47.488660669000069 ], [ -122.314855308000034, 47.477675107000053 ] ] ], [ [ [ -122.302524092999704, 47.408270726000069 ], [ -122.302726041000341, 47.419120818000096 ], [ -122.306933224000062, 47.415973176000072 ], [ -122.308509059000286, 47.415446235000054 ], [ -122.302524092999704, 47.408270726000069 ] ] ] ] } },
{ "type": "Feature", "properties": { "psap_name": "Redmond PD" }, "geometry": { "type": "MultiPolygon", "coordinates": [ [ [ [ -122.114044250000219, 47.710337186000089 ], [ -122.11741490999988, 47.711643910000092 ], [ -122.1344749189998, 47.707605126 ], [ -122.133739175000073, 47.703992918000068 ], [ -122.142921755000401, 47.704157004000095 ], [ -122.154220866999879, 47.711252320000035 ], [ -122.157785749000084, 47.711622338000041 ], [ -122.164419482999719, 47.707571119000058 ], [ -122.162653181999801, 47.687624077000081 ], [ -122.159969539000073, 47.686098204000082 ], [ -122.161785329000182, 47.685407739 ], [ -122.16188260600012, 47.685857873000018 ], [ -122.16434117600032, 47.685426808000074 ], [ -122.163892934000245, 47.682386497000046 ], [ -122.163951984999798, 47.666532620000083 ], [ -122.143293096000122, 47.66065191900001 ], [ -122.143043331000257, 47.627213488000073 ], [ -122.110988656999595, 47.646028597000047 ], [ -122.110946604, 47.627672419000071 ], [ -122.092252064000121, 47.627275358000063 ], [ -122.088533128000265, 47.634328875000037 ], [ -122.112583242000255, 47.654886452000049 ], [ -122.125808824000359, 47.661375223000029 ], [ -122.126423253000326, 47.66679060500006 ], [ -122.110958244000258, 47.667089664000038 ], [ -122.10556424999956, 47.664007400000038 ], [ -122.091944094999761, 47.653662494000045 ], [ -122.087711541999923, 47.657378686000101 ], [ -122.087225074000344, 47.658193840000081 ], [ -122.080398724000119, 47.667616150000057 ], [ -122.084201197999818, 47.682068921000024 ], [ -122.079263342000075, 47.682297043000098 ], [ -122.114044250000219, 47.710337186000089 ] ] ], [ [ [ -122.046602039999954, 47.701851289000075 ], [ -122.035776578000323, 47.708094449000029 ], [ -122.056519087999675, 47.716801488000037 ], [ -122.057405352999595, 47.694777370000033 ], [ -122.046602039999954, 47.701851289000075 ] ] ], [ [ [ -121.991700523999938, 47.739318338000018 ], [ -121.986876702999936, 47.725585037000023 ], [ -121.961008241000314, 47.724497726000038 ], [ -121.959527872000038, 47.740918112000017 ], [ -121.981109149999796, 47.751226349000049 ], [ -121.985710146000102, 47.749828120000075 ], [ -121.989618560000224, 47.740372776000072 ], [ -121.991700523999938, 47.739318338000018 ] ] ] ] } },
{ "type": "Feature", "properties": { "psap_name": "RiverCom 911" }, "geometry": { "type": "Polygon", "coordinates": [ [ [ -120.174343099999561, 47.246746899000051 ], [ -120.174513960870883, 47.262270726479052 ], [ -120.131565024999702, 47.261874440000071 ], [ -120.094444911000295, 47.262153677000093 ], [ -120.092194224999901, 47.242325874000095 ], [ -120.088509269999875, 47.23723311300008 ], [ -120.081870362999567, 47.232156354000026 ], [ -120.077580030000405, 47.226975380000056 ], [ -120.075954506, 47.225892298000083 ], [ -120.072848183999795, 47.224778350000086 ], [ -120.068088852000301, 47.22405110700003 ], [ -120.058551684999841, 47.22390599000002 ], [ -120.051830074999941, 47.22444564900006 ], [ -120.045101194000196, 47.225827971000037 ], [ -120.031575413000198, 47.226584251000048 ], [ -120.019073834999958, 47.226639243000058 ], [ -120.015979221999643, 47.226137305000037 ], [ -120.013946343999677, 47.225288775000045 ], [ -120.007059140000294, 47.220127119000026 ], [ -120.004883361999717, 47.221069739000043 ], [ -120.004692776000383, 47.319990433000022 ], [ -119.983089963999873, 47.320422324000042 ], [ -119.98321914100022, 47.33461670800007 ], [ -119.961808905000083, 47.334946544000047 ], [ -119.961327036000156, 47.348773424000051 ], [ -119.940427918000083, 47.349429008000094 ], [ -119.940221692999941, 47.364329397000077 ], [ -119.918900143000158, 47.364470853000029 ], [ -119.918708586000164, 47.39344352800002 ], [ -119.897370594999884, 47.393465885000047 ], [ -119.897158771000036, 47.407963002000017 ], [ -119.875807244999862, 47.408298721000079 ], [ -119.875745214999966, 47.437486155000066 ], [ -119.629744908000234, 47.441142645000042 ], [ -119.533594426999784, 47.441360199 ], [ -119.532876646999796, 47.527750277000067 ], [ -119.511676585000018, 47.527626973000075 ], [ -119.512077862999803, 47.542034076000029 ], [ -119.490453050000326, 47.542013950000047 ], [ -119.490083147000362, 47.556534995000064 ], [ -119.469159434999881, 47.556600521000085 ], [ -119.469084434000123, 47.570753954000054 ], [ -119.447667245999966, 47.570448600000063 ], [ -119.447785344999602, 47.584892538000076 ], [ -119.426825132000275, 47.584755531000042 ], [ -119.42675378200002, 47.599036934 ], [ -119.405304993000115, 47.599006073000069 ], [ -119.405173228999956, 47.612629279000025 ], [ -119.341752217000277, 47.612381903000056 ], [ -119.341470569999601, 47.626741766000066 ], [ -119.32028981099954, 47.626790922000048 ], [ -119.320129244000256, 47.670226288 ], [ -119.298818763999918, 47.670397179000048 ], [ -119.298634316000246, 47.728321961000063 ], [ -119.277223151999976, 47.728232090000077 ], [ -119.277152974000217, 47.742596716000051 ], [ -119.255768538000396, 47.742508027000063 ], [ -119.255848070999861, 47.771681238000049 ], [ -119.234152067000124, 47.771974819000029 ], [ -119.233975355999561, 47.800733081000011 ], [ -119.212395522000278, 47.800689240000047 ], [ -119.212210709999695, 47.887702087000065 ], [ -119.190616318999801, 47.887805584000027 ], [ -119.190537781000401, 47.902458690000039 ], [ -119.147378286000361, 47.902626437000016 ], [ -119.147385203000184, 47.917378143000093 ], [ -119.125889202000323, 47.917294880000028 ], [ -119.125566714999621, 47.94679653400005 ], [ -119.103951322000142, 47.946687104000056 ], [ -119.103858750000157, 47.961735161000028 ], [ -118.990782347999954, 47.962122177000026 ], [ -118.985493306999984, 47.96891851500007 ], [ -118.984150064999554, 47.970080635000059 ], [ -118.981998277000073, 47.969783649000057 ], [ -118.9787218299996, 47.973196013000042 ], [ -118.969580583999942, 47.979449968000054 ], [ -118.965310060999755, 47.983745951000074 ], [ -118.961074351000221, 47.991949212000087 ], [ -118.960691557999638, 47.998794172000046 ], [ -118.952307033999887, 48.00855791100004 ], [ -118.951216627999656, 48.019645421000043 ], [ -118.957248238999824, 48.024518367000042 ], [ -118.9672311369998, 48.029375725000087 ], [ -118.974699067999794, 48.034701248000047 ], [ -118.978842288000322, 48.036867313000073 ], [ -118.993144955000076, 48.039746651000016 ], [ -118.998637447999684, 48.041434159000062 ], [ -119.003175782000298, 48.043256706000058 ], [ -119.005982329999895, 48.045556892000015 ], [ -119.010115794999805, 48.051626039000041 ], [ -119.022766403999725, 48.082738017000054 ], [ -119.028843794999958, 48.113126583000067 ], [ -119.054910635999903, 48.13591268200004 ], [ -119.058399339999823, 48.137486548000034 ], [ -119.070070726999916, 48.140396398000078 ], [ -119.088331334999594, 48.137305884000078 ], [ -119.100112511999725, 48.137986387000034 ], [ -119.107253184999877, 48.140419951000041 ], [ -119.115510866000307, 48.145725915000064 ], [ -119.122357228999874, 48.149145381000054 ], [ -119.126506511999736, 48.150549135000055 ], [ -119.132179488999554, 48.151169956000068 ], [ -119.136056809000038, 48.150513247000021 ], [ -119.142438068000075, 48.14748856700006 ], [ -119.153110579999833, 48.145341072000043 ], [ -119.171391779000103, 48.131533629000025 ], [ -119.175952076000044, 48.1287063770001 ], [ -119.179331840000202, 48.127884028000061 ], [ -119.187085275000243, 48.129306834000012 ], [ -119.191610557999724, 48.128841551000029 ], [ -119.200171048000243, 48.125191287000028 ], [ -119.208355704999718, 48.118113648000069 ], [ -119.232525246000378, 48.113459985000077 ], [ -119.252538359999775, 48.102579883000018 ], [ -119.298570508999759, 48.115478644000085 ], [ -119.327506340999605, 48.096650097000079 ], [ -119.327919843999595, 48.070267668000035 ], [ -119.341993485000245, 48.049651239000063 ], [ -119.366676028999677, 48.052792456000077 ], [ -119.3941423859998, 48.049828096000077 ], [ -119.402218053000198, 48.050411808000014 ], [ -119.405097114000355, 48.051439068000015 ], [ -119.406343690999677, 48.053118782000077 ], [ -119.408794094999521, 48.054734005000071 ], [ -119.423237824999916, 48.062555831000061 ], [ -119.429808296, 48.070442385000042 ], [ -119.436242079999502, 48.076682467000097 ], [ -119.440717068999646, 48.078661183000072 ], [ -119.445134167999953, 48.07919744900007 ], [ -119.449861023000381, 48.078134793000032 ], [ -119.466881585999701, 48.080284214000073 ], [ -119.484157022000161, 48.078693957000063 ], [ -119.500979099999739, 48.082423184000064 ], [ -119.517556288000236, 48.062608556000029 ], [ -119.595079572000245, 48.020856388000048 ], [ -119.615507835999594, 47.999023702000073 ], [ -119.631038944000366, 47.996272085000058 ], [ -119.647619702999961, 47.998976737000092 ], [ -119.656811961999765, 48.001819207000032 ], [ -119.660113765000119, 48.003755623000053 ], [ -119.6657000659998, 48.008989312000054 ], [ -119.684549460000298, 48.019777282000049 ], [ -119.693697488999916, 48.032050366000078 ], [ -119.669843262999819, 48.070076724000039 ], [ -119.670510423000025, 48.077854845000019 ], [ -119.673760322999755, 48.082449537000073 ], [ -119.682966555000078, 48.092506969000034 ], [ -119.684278558000258, 48.093247842000075 ], [ -119.686334637000158, 48.092829570000063 ], [ -119.70347288599956, 48.083136803000023 ], [ -119.710071841999635, 48.082224435000057 ], [ -119.719725162999794, 48.082055865 ], [ -119.723491217999822, 48.08295917100002 ], [ -119.726692299999556, 48.085022398000014 ], [ -119.735543543000034, 48.09706421800005 ], [ -119.740605753999958, 48.100394030000096 ], [ -119.745426337999902, 48.102207997000079 ], [ -119.74983750200002, 48.103051013000027 ], [ -119.768598549000117, 48.104803462000042 ], [ -119.779540307999596, 48.087403598000051 ], [ -119.808441084999842, 48.086849701000048 ], [ -119.852349211999595, 48.073603781000052 ], [ -119.89533533799964, 48.050037680000067 ], [ -119.868841266000359, 48.017369029000072 ], [ -119.867050536999713, 48.007593998000047 ], [ -119.883985197000115, 47.973665231000084 ], [ -119.870580761999861, 47.960448891000077 ], [ -119.926936070000238, 47.960485760000061 ], [ -119.927388783999717, 47.989257346000016 ], [ -120.075857123239757, 47.989351102889245 ], [ -120.082815802999775, 48.010665650000099 ], [ -120.090157844999567, 48.017998948000056 ], [ -120.095366240000047, 48.020664540000062 ], [ -120.102242315000396, 48.02139476400005 ], [ -120.113934357999554, 48.024881540000074 ], [ -120.119430451000355, 48.027008074000058 ], [ -120.121774334000023, 48.03217568600008 ], [ -120.124321823000159, 48.032059482000079 ], [ -120.128867523000196, 48.033231172000022 ], [ -120.134389687999501, 48.033274859000066 ], [ -120.140425349000196, 48.03547299800001 ], [ -120.143294673000185, 48.035822258000032 ], [ -120.146376862999958, 48.037337557000029 ], [ -120.146725673000077, 48.042766181000019 ], [ -120.150092035000398, 48.044492268000056 ], [ -120.147347104000247, 48.053121613 ], [ -120.132829752000276, 48.057210106000042 ], [ -120.143407527000065, 48.0652186 ], [ -120.14658288800004, 48.065444683000052 ], [ -120.14872428599962, 48.064682697000109 ], [ -120.150001586999565, 48.066128064000054 ], [ -120.155736847999663, 48.06569106400007 ], [ -120.1829836659997, 48.073868214000065 ], [ -120.20288208999996, 48.077156455000093 ], [ -120.213045641000221, 48.079038079000064 ], [ -120.216279913999799, 48.081251083000033 ], [ -120.218875984999954, 48.084506966000077 ], [ -120.223677934, 48.083894347000054 ], [ -120.244451161000242, 48.101011826000054 ], [ -120.258682357000239, 48.11052964900005 ], [ -120.26327367099978, 48.110315949000046 ], [ -120.265798528000076, 48.110763746000046 ], [ -120.26812398099986, 48.113299247000064 ], [ -120.272193199, 48.115563160000072 ], [ -120.273460375000283, 48.118762785000058 ], [ -120.280087447000383, 48.123441419000073 ], [ -120.291025444000041, 48.129571976000086 ], [ -120.292750937999642, 48.129815661000066 ], [ -120.294331950999634, 48.129332526000027 ], [ -120.298599026999639, 48.12972218700002 ], [ -120.301270331000282, 48.127227367000032 ], [ -120.309602348999903, 48.1269801 ], [ -120.316514453, 48.12451431800006 ], [ -120.319594913999737, 48.12441833600009 ], [ -120.320836391999819, 48.12555619700003 ], [ -120.322048937000119, 48.125881049000029 ], [ -120.326944367, 48.129033425000017 ], [ -120.326310903999982, 48.131808791000012 ], [ -120.333809921000082, 48.138832359000034 ], [ -120.361272973000339, 48.15756270100006 ], [ -120.360989600999844, 48.172502241000053 ], [ -120.346269677999643, 48.199980153000077 ], [ -120.3479033509998, 48.20520543400005 ], [ -120.354196786000315, 48.213377248 ], [ -120.353950163999954, 48.216916110000071 ], [ -120.357388647000306, 48.219416778000031 ], [ -120.360055638999498, 48.219579588000052 ], [ -120.362232373999603, 48.218664137000061 ], [ -120.367162176999841, 48.218666362000079 ], [ -120.373480082, 48.217790226000041 ], [ -120.378673114999714, 48.218297147000051 ], [ -120.382885974999837, 48.219844909000066 ], [ -120.384267482000155, 48.220931441000083 ], [ -120.386539022999841, 48.225294210000094 ], [ -120.391397573999726, 48.22878996300004 ], [ -120.384937646999717, 48.23316079800005 ], [ -120.386890711000035, 48.238045252000063 ], [ -120.389333779999561, 48.240787187000095 ], [ -120.392274227000058, 48.242688248000022 ], [ -120.403706800999714, 48.244737585000045 ], [ -120.412232023000286, 48.248266188000052 ], [ -120.423123248999957, 48.250079627000062 ], [ -120.428922936999783, 48.252965948000039 ], [ -120.429707068000354, 48.254914722000059 ], [ -120.442689235000046, 48.260195250000031 ], [ -120.469108823999633, 48.268973718000055 ], [ -120.498811387000401, 48.29506743200006 ], [ -120.508197580999806, 48.310337697000101 ], [ -120.510272097999959, 48.311291769000029 ], [ -120.512280881000194, 48.31203959200009 ], [ -120.515193262000039, 48.312200864000019 ], [ -120.519085028, 48.311342601000014 ], [ -120.527298925000281, 48.306590911000072 ], [ -120.547186357000044, 48.30670764900001 ], [ -120.5831516490003, 48.319122558000068 ], [ -120.586801726000317, 48.320315919000059 ], [ -120.588464732000276, 48.323478090000023 ], [ -120.583964376000367, 48.327763475000054 ], [ -120.585971910999916, 48.336802147000093 ], [ -120.560190837999585, 48.36104162000003 ], [ -120.563177204000127, 48.370842354000033 ], [ -120.567319067999961, 48.375511651000075 ], [ -120.5789116549998, 48.378275816000027 ], [ -120.584204645999876, 48.380029768000071 ], [ -120.588700034999903, 48.384221998000051 ], [ -120.599493140000078, 48.385698305000069 ], [ -120.604152027999874, 48.388497225000059 ], [ -120.610443716999796, 48.394301458000051 ], [ -120.621086970000277, 48.398766598000087 ], [ -120.625194552, 48.397586823000019 ], [ -120.64004209000008, 48.397078850000085 ], [ -120.649918580999682, 48.398133136000098 ], [ -120.649900196999837, 48.399275017000029 ], [ -120.647871940000201, 48.401544213000051 ], [ -120.645016530000234, 48.406091929000077 ], [ -120.641095193999803, 48.408530461000026 ], [ -120.641638178999713, 48.411115583000019 ], [ -120.650238674999798, 48.414786599000067 ], [ -120.65275990400022, 48.437942798000051 ], [ -120.668802777999858, 48.449728831000101 ], [ -120.654754395999944, 48.45316955 ], [ -120.637851663999541, 48.473513094000054 ], [ -120.653220851999833, 48.48522841600002 ], [ -120.638462771999698, 48.496305731000085 ], [ -120.629983941999924, 48.49566337900005 ], [ -120.628395772999681, 48.496889787000029 ], [ -120.629991349000221, 48.499494883000047 ], [ -120.636549794000246, 48.501747662000099 ], [ -120.640580287000205, 48.502362076000061 ], [ -120.64766794000036, 48.505217714000054 ], [ -120.654876680999635, 48.506930316000108 ], [ -120.656422438000277, 48.506807030000061 ], [ -120.657185652999701, 48.50730396000008 ], [ -120.657241913999954, 48.508878522000067 ], [ -120.655735161000038, 48.511740738000093 ], [ -120.657817591999759, 48.515561866000034 ], [ -120.655748736000163, 48.522580198000071 ], [ -120.648999331999605, 48.526912116000048 ], [ -120.648978008999634, 48.532845496000085 ], [ -120.650369204999507, 48.533932063000059 ], [ -120.651295685000136, 48.536208860000045 ], [ -120.652268268, 48.536932909000029 ], [ -120.655985696999636, 48.537092408000042 ], [ -120.657032307, 48.53564861400006 ], [ -120.668944363999643, 48.532855483000063 ], [ -120.673073101999833, 48.532724829000053 ], [ -120.677463389000039, 48.530950542000056 ], [ -120.687610170999804, 48.530521807000085 ], [ -120.695885928999886, 48.532519234000063 ], [ -120.709467016000247, 48.523334497000029 ], [ -120.741828095000244, 48.51810414600002 ], [ -120.765612315999917, 48.508866790000042 ], [ -120.787917104999622, 48.50709389600005 ], [ -120.79184256500028, 48.507530827000025 ], [ -120.801812413999684, 48.510447488000089 ], [ -120.804101831999915, 48.512216256000045 ], [ -120.813892592000116, 48.51750629400005 ], [ -120.816770203999766, 48.519591057000042 ], [ -120.809297155000223, 48.52861962 ], [ -120.81703350100004, 48.537731084000043 ], [ -120.826476282000115, 48.541986055000045 ], [ -120.823932958999961, 48.545024476000059 ], [ -120.826351838000221, 48.546513664000052 ], [ -120.833838014999984, 48.548025573000075 ], [ -120.837086434000298, 48.549149864000093 ], [ -120.838619884999616, 48.550829684000028 ], [ -120.842259704999805, 48.550080187000027 ], [ -120.844640628999798, 48.550546547000081 ], [ -120.857413017000056, 48.547670365000037 ], [ -120.863197742000239, 48.530068228000069 ], [ -120.885386193999963, 48.538180677000049 ], [ -120.904581309999642, 48.523647569000047 ], [ -120.946538729999645, 48.530102012000029 ], [ -120.951054119000403, 48.499631978000103 ], [ -120.99156736000036, 48.499368353000058 ], [ -121.001073758000018, 48.494197488000083 ], [ -121.036219358999645, 48.495291935000047 ], [ -121.049700034999901, 48.485393326000064 ], [ -121.056518717999566, 48.476363702000064 ], [ -121.062435175000076, 48.460360798000067 ], [ -121.040979546000315, 48.44573198700003 ], [ -121.037116063999704, 48.433021964000034 ], [ -121.045426873000039, 48.41828869900008 ], [ -121.061977908999864, 48.406011091000046 ], [ -121.060017991000379, 48.37796444400005 ], [ -121.043057840000344, 48.363422209000092 ], [ -121.040494339000034, 48.348465494000017 ], [ -121.060670649000159, 48.346468682000094 ], [ -121.068853385999887, 48.31997719900005 ], [ -121.071574089000237, 48.317795837000048 ], [ -121.067197663000343, 48.315124800000028 ], [ -121.064582491000138, 48.315180555000062 ], [ -121.060388558999804, 48.316468669000081 ], [ -121.058028229999664, 48.316160686000075 ], [ -121.054151231000446, 48.314411609000075 ], [ -121.051715707000398, 48.312115167000037 ], [ -121.045713602000276, 48.308891967000108 ], [ -121.040890352999824, 48.309593880000072 ], [ -121.039475719999984, 48.310738929000109 ], [ -121.036666105000194, 48.311546467000035 ], [ -121.034603308999607, 48.311478456 ], [ -121.028872154000126, 48.307617468000046 ], [ -121.028511029000242, 48.303871866000051 ], [ -121.027396757999554, 48.303544653000074 ], [ -121.026507354000344, 48.302473658000054 ], [ -121.017755396000382, 48.301579034000063 ], [ -121.011400789999598, 48.300617692000081 ], [ -121.01083880599974, 48.300157060000089 ], [ -121.005921944999926, 48.299846810000091 ], [ -121.003100277000357, 48.298960845000046 ], [ -121.00067049400036, 48.294475235000021 ], [ -121.000632902000305, 48.290527433000058 ], [ -121.004364020999716, 48.285359835000079 ], [ -121.012234253, 48.281842185000102 ], [ -120.999902390999765, 48.262935660000025 ], [ -120.959832769999764, 48.227762984000023 ], [ -120.964753983000236, 48.211321809000019 ], [ -120.92057320000032, 48.187304809000061 ], [ -120.907401694000313, 48.163175041000031 ], [ -120.948406370999578, 48.155025726000098 ], [ -120.96560394900014, 48.140326985000037 ], [ -120.952613349000117, 48.11721752400004 ], [ -120.972466481000197, 48.108527822000035 ], [ -120.980434983999842, 48.095183257000031 ], [ -121.015926967999604, 48.074789079000034 ], [ -121.036202123999843, 48.076832297000045 ], [ -121.115960756999598, 48.057957542000075 ], [ -121.14817982100034, 48.030095650000099 ], [ -121.131084460999702, 48.021616724000097 ], [ -121.118168715000024, 47.997097502000038 ], [ -121.164953343999727, 47.954500013000043 ], [ -121.171251649999917, 47.912714821000073 ], [ -121.180490939000137, 47.899280632000057 ], [ -121.158248250999563, 47.876358770000103 ], [ -121.134327795000118, 47.843037718000026 ], [ -121.123702665000238, 47.838391666000049 ], [ -121.121261688000061, 47.836619951000017 ], [ -121.121223099000304, 47.832708701000051 ], [ -121.118791249000182, 47.830992030000075 ], [ -121.115616212999925, 47.830203619000024 ], [ -121.106917683000376, 47.828967705000053 ], [ -121.095793186000122, 47.832686292000083 ], [ -121.08766223800032, 47.832526368000067 ], [ -121.080206833999796, 47.834117095000032 ], [ -121.078017717000037, 47.833551296000046 ], [ -121.076664777999625, 47.831635163000058 ], [ -121.070856660999695, 47.830176706000032 ], [ -121.070500556000326, 47.828000343000028 ], [ -121.070669810000354, 47.826610521000063 ], [ -121.092555970999982, 47.800718887000052 ], [ -121.105146991000296, 47.795688882000022 ], [ -121.111695520999874, 47.787751884000031 ], [ -121.120296925, 47.784272635000029 ], [ -121.120682050999918, 47.782598510000078 ], [ -121.119162551000457, 47.77992954200004 ], [ -121.118683732000122, 47.77800748100001 ], [ -121.119624321999694, 47.776017606000046 ], [ -121.114265678999743, 47.771682738000038 ], [ -121.113895292999885, 47.770241828000017 ], [ -121.109199946000246, 47.766754019000047 ], [ -121.0940034420004, 47.758178224000048 ], [ -121.078979922999523, 47.739187555000051 ], [ -121.081509601999954, 47.734462671000102 ], [ -121.084930304999844, 47.732291432000082 ], [ -121.084764911000363, 47.729904070000046 ], [ -121.087332695999763, 47.72862273300008 ], [ -121.085207261999713, 47.725982734000034 ], [ -121.083934134000401, 47.723061937000089 ], [ -121.078244152999886, 47.720004457000059 ], [ -121.073108650999956, 47.719152962000052 ], [ -121.069950416, 47.717823564000085 ], [ -121.065990796000278, 47.713596813000031 ], [ -121.065930615999918, 47.709273301000081 ], [ -121.068699170999622, 47.706311765000059 ], [ -121.088280874000276, 47.703135033000059 ], [ -121.12880885600012, 47.676174957000029 ], [ -121.123163951999743, 47.663320556000038 ], [ -121.133681855999797, 47.645598742000068 ], [ -121.126577957999856, 47.638433132000067 ], [ -121.126758078000023, 47.631419711000042 ], [ -121.1252513929999, 47.628121851000074 ], [ -121.12459744499958, 47.627338245 ], [ -121.1225520979999, 47.627025731000089 ], [ -121.120121143000276, 47.627375856000072 ], [ -121.118751933000183, 47.626973302000088 ], [ -121.1137398609998, 47.621680372000043 ], [ -121.113273417000357, 47.618450696000089 ], [ -121.114660847000295, 47.617466994000075 ], [ -121.118308437999914, 47.61657392500009 ], [ -121.119657141999824, 47.614889444000049 ], [ -121.120061747000079, 47.611519347000048 ], [ -121.117891312999873, 47.608086041000064 ], [ -121.117894719999839, 47.607201783000015 ], [ -121.115848061999714, 47.60442249100003 ], [ -121.1131016719999, 47.603427496000073 ], [ -121.111509509000086, 47.601945974000024 ], [ -121.111147529999698, 47.599579912000088 ], [ -121.113609361000258, 47.597220076000035 ], [ -121.095589050999678, 47.588931499000068 ], [ -121.090124176000117, 47.569917929000042 ], [ -121.074955559999765, 47.550885570000069 ], [ -121.060765570000314, 47.545333774000021 ], [ -121.054375498999875, 47.538306213000062 ], [ -121.052156553999836, 47.537669126000047 ], [ -121.048626277999674, 47.535675351000087 ], [ -121.047163189000287, 47.534119994000051 ], [ -121.045553724999635, 47.53526692400002 ], [ -121.042889723999593, 47.534979545000077 ], [ -121.040360404000083, 47.535594061000026 ], [ -121.030806299999753, 47.531545308000048 ], [ -121.025846356000116, 47.528926664000018 ], [ -121.025089774999842, 47.525302216000043 ], [ -121.023443535, 47.523753388000038 ], [ -121.017167608999799, 47.521885941 ], [ -121.006985214000338, 47.521171023000072 ], [ -121.002787346999966, 47.519643593000083 ], [ -120.996486919000276, 47.518496650000031 ], [ -120.99126129999992, 47.51103537000008 ], [ -120.994584679999804, 47.507207494000056 ], [ -120.983203494000222, 47.492933506 ], [ -120.980912751000204, 47.491262853000073 ], [ -120.978979877999535, 47.490239523000092 ], [ -120.972659127, 47.488401574000093 ], [ -120.968536881000404, 47.488178560000051 ], [ -120.962289338000161, 47.484853702000052 ], [ -120.959046859, 47.484432050000031 ], [ -120.958198103000257, 47.483195577000053 ], [ -120.958930272999595, 47.481101985000073 ], [ -120.956892161999605, 47.47997984400007 ], [ -120.954713936999894, 47.477050424 ], [ -120.950470513999718, 47.475947242000103 ], [ -120.950143883999544, 47.475035439000067 ], [ -120.946480823999963, 47.472528109000088 ], [ -120.949352353999956, 47.469739928000102 ], [ -120.94938649100034, 47.469053582000029 ], [ -120.951508816000384, 47.467111072000115 ], [ -120.95206095299956, 47.46368157900006 ], [ -120.953104340000124, 47.46265391 ], [ -120.951374455000376, 47.461614630000049 ], [ -120.940933306000176, 47.459757780000089 ], [ -120.933498088999983, 47.459322642000089 ], [ -120.930617852999845, 47.457737806000075 ], [ -120.930679510000317, 47.45316033900005 ], [ -120.922540634999706, 47.448265686000099 ], [ -120.924743858000042, 47.443009751000041 ], [ -120.923781875999978, 47.441702503000059 ], [ -120.924406710999676, 47.439417579000072 ], [ -120.924013329999767, 47.436050572000077 ], [ -120.924580088000098, 47.434786539000065 ], [ -120.924133107000216, 47.433447251000047 ], [ -120.919483558000195, 47.430780035000041 ], [ -120.917769899999797, 47.429274268000029 ], [ -120.908431183999639, 47.425390924000055 ], [ -120.906756562999604, 47.425300844000077 ], [ -120.902172781, 47.427005231000074 ], [ -120.894583679999982, 47.426059738000035 ], [ -120.892806533999845, 47.426586504000092 ], [ -120.891347914000406, 47.427723828000083 ], [ -120.887433461000342, 47.425513423000019 ], [ -120.884919669000354, 47.422548290000087 ], [ -120.87863829699964, 47.419899743000023 ], [ -120.876011125000247, 47.417436450000039 ], [ -120.872395562000165, 47.415393332000043 ], [ -120.843254870000195, 47.411593472000057 ], [ -120.828633352999901, 47.423873738000054 ], [ -120.813483277999723, 47.419676942000066 ], [ -120.806957848999602, 47.420804857000064 ], [ -120.803315489000383, 47.423043965 ], [ -120.802224978999519, 47.422263782000059 ], [ -120.799026178000119, 47.417007843000043 ], [ -120.794318999999518, 47.413933977000063 ], [ -120.793490772999562, 47.408366848000071 ], [ -120.787045828000359, 47.404741024 ], [ -120.785283300000074, 47.401353076000042 ], [ -120.78332433300028, 47.399614791000047 ], [ -120.768785466999674, 47.399672695000021 ], [ -120.747493145000064, 47.393769062000068 ], [ -120.739933075999559, 47.393268340000077 ], [ -120.734359763000356, 47.393749559000049 ], [ -120.732265859999757, 47.392455628000029 ], [ -120.73172463399996, 47.391121593000051 ], [ -120.726567920000406, 47.388055947000034 ], [ -120.723203084999497, 47.372791049000078 ], [ -120.721178413000075, 47.370045324000074 ], [ -120.71836980500008, 47.368833725000073 ], [ -120.708423425000404, 47.365304806000054 ], [ -120.702286730999816, 47.36563710800003 ], [ -120.700269627000324, 47.365226467000085 ], [ -120.693192410000094, 47.361292169000102 ], [ -120.691036531, 47.357120849000047 ], [ -120.682657338000155, 47.352540863000073 ], [ -120.681851172000322, 47.350358807000077 ], [ -120.679582804000233, 47.349542284000066 ], [ -120.678696028999767, 47.350501827000066 ], [ -120.67638749899956, 47.351403932000025 ], [ -120.674615627000406, 47.350199805000038 ], [ -120.673549541000085, 47.348448670000018 ], [ -120.669689305999555, 47.345652337000033 ], [ -120.667020751999857, 47.34506918500005 ], [ -120.664353132999963, 47.343299173000034 ], [ -120.649755425000038, 47.341845392000032 ], [ -120.642690089000084, 47.34359179000004 ], [ -120.631567028999726, 47.341662372000052 ], [ -120.619111254999879, 47.345390177000048 ], [ -120.616755367999943, 47.345280853000048 ], [ -120.614110359000165, 47.343880489000057 ], [ -120.608435723999605, 47.342152605000095 ], [ -120.607437747999967, 47.341289255000049 ], [ -120.606574807999834, 47.339359632 ], [ -120.603017003000247, 47.339081506000056 ], [ -120.598708958000358, 47.34091181900002 ], [ -120.591419130999554, 47.339945247000095 ], [ -120.584422861000036, 47.338263801000046 ], [ -120.578956696999782, 47.33737493900005 ], [ -120.578079815999843, 47.336199756000049 ], [ -120.578743338000095, 47.332177394000027 ], [ -120.576589436999555, 47.329025695000034 ], [ -120.576891878000325, 47.326249620000041 ], [ -120.570515776000207, 47.322274621000091 ], [ -120.568708749999914, 47.318584488000077 ], [ -120.568495454, 47.31572477900005 ], [ -120.570082296999743, 47.314584700000083 ], [ -120.570525142999557, 47.311061455000072 ], [ -120.56441866399976, 47.308216843000032 ], [ -120.557971567999886, 47.306571201000047 ], [ -120.515314548000404, 47.320142023000081 ], [ -120.508472319999981, 47.317806919000105 ], [ -120.502606391999862, 47.317764376000085 ], [ -120.500582540999559, 47.316951167000077 ], [ -120.497570942999857, 47.317576253000027 ], [ -120.45988145, 47.300298944000083 ], [ -120.447169331999646, 47.288538492000065 ], [ -120.435307238999684, 47.281455305000037 ], [ -120.433529767000039, 47.278779153000059 ], [ -120.426779656000207, 47.27438948700005 ], [ -120.4181215830003, 47.275180824000074 ], [ -120.414771579999538, 47.274149609000077 ], [ -120.406022212999559, 47.274062322000105 ], [ -120.395940637999516, 47.267139619000027 ], [ -120.393458311999538, 47.26367669200004 ], [ -120.390697566999634, 47.262614144000075 ], [ -120.3891827019998, 47.260929661000063 ], [ -120.280531668000194, 47.261113807000072 ], [ -120.216532469999635, 47.258156183000047 ], [ -120.216521299999755, 47.247628799000047 ], [ -120.174343099999561, 47.246746899000051 ] ] ] } },
{ "type": "Feature", "properties": { "psap_name": "Seattle 911 (CARE)" }, "geometry": { "type": "MultiPolygon", "coordinates": [ [ [ [ -122.392859407000316, 47.662760612000071 ], [ -122.413503494000039, 47.671436664000055 ], [ -122.426515423999703, 47.658406172000028 ], [ -122.415249583000403, 47.640560963000055 ], [ -122.386839140999953, 47.633335658000099 ], [ -122.377955770000398, 47.632507666000016 ], [ -122.372087807, 47.625871540000063 ], [ -122.364545695000402, 47.622266509000042 ], [ -122.364696395999658, 47.621125835000051 ], [ -122.363347717999673, 47.621235376000072 ], [ -122.362147406, 47.620451751000083 ], [ -122.336110190999761, 47.600743234000078 ], [ -122.33845629000038, 47.588535043000014 ], [ -122.340086241999884, 47.586817343000028 ], [ -122.344487467000164, 47.571759585000081 ], [ -122.352161111999919, 47.586980594000046 ], [ -122.36142484800024, 47.573500229000025 ], [ -122.361539474999603, 47.571576840000034 ], [ -122.370238904999681, 47.574022046000032 ], [ -122.372993097999597, 47.582169787000034 ], [ -122.390353595999841, 47.593964438000043 ], [ -122.419239643000083, 47.577134872000045 ], [ -122.400046995000395, 47.555444391000051 ], [ -122.399186663999799, 47.516977820000051 ], [ -122.374169927000239, 47.499207979000055 ], [ -122.371409486999937, 47.517430310000051 ], [ -122.337496337999724, 47.51726433300005 ], [ -122.308868163999904, 47.522180446000064 ], [ -122.310804011999807, 47.525471417000055 ], [ -122.317563238, 47.528216214000068 ], [ -122.318528042999858, 47.531794552000065 ], [ -122.31922097699956, 47.539333029 ], [ -122.320130953, 47.53987607700001 ], [ -122.318602815000204, 47.544782879000081 ], [ -122.313134716999897, 47.546226808000029 ], [ -122.312986621999784, 47.546204025000094 ], [ -122.29792134700034, 47.533208918000085 ], [ -122.288537627999673, 47.513999585000064 ], [ -122.291308712000358, 47.513619501000022 ], [ -122.270079476999726, 47.509545379000045 ], [ -122.270308474000316, 47.495520348000092 ], [ -122.259656112000201, 47.495626713000021 ], [ -122.24715476099972, 47.509708749000062 ], [ -122.26054078600022, 47.521472604000031 ], [ -122.257089351000261, 47.545490216000061 ], [ -122.270109223999796, 47.56804543100003 ], [ -122.287640190000403, 47.584002625000053 ], [ -122.282704564999904, 47.624182554000093 ], [ -122.276266025000382, 47.640854083000107 ], [ -122.325985086999836, 47.648999984000056 ], [ -122.331161622000096, 47.636812456000037 ], [ -122.376354859999566, 47.655780595000046 ], [ -122.377569880000422, 47.65408846400004 ], [ -122.383209275999519, 47.655693292000095 ], [ -122.385040793000201, 47.660123639000084 ], [ -122.390357162999621, 47.662149900000031 ], [ -122.392859407000316, 47.662760612000071 ] ] ], [ [ [ -122.286567701999857, 47.655176036000064 ], [ -122.251019029000204, 47.673815145000034 ], [ -122.246332715999799, 47.683954618 ], [ -122.27175390000032, 47.694116928000042 ], [ -122.283634935000364, 47.733648610000053 ], [ -122.370645048999961, 47.733858227000013 ], [ -122.38071850899972, 47.708303117000064 ], [ -122.401437992999917, 47.698110207000056 ], [ -122.406399108000201, 47.677713941 ], [ -122.40658620100028, 47.676429067000086 ], [ -122.405956534000381, 47.670438876000034 ], [ -122.33328096000028, 47.644788982000073 ], [ -122.319150430999557, 47.654350704000088 ], [ -122.312557337999664, 47.660970374000016 ], [ -122.311995824000164, 47.661256606000052 ], [ -122.286567701999857, 47.655176036000064 ] ], [ [ -122.300462788000317, 47.665609204000077 ], [ -122.298622198999794, 47.666066972000074 ], [ -122.295892774000322, 47.664556358000013 ], [ -122.300689759999756, 47.664918744000012 ], [ -122.300462788000317, 47.665609204000077 ] ] ] ] } },
{ "type": "Feature", "properties": { "psap_name": "Snohomish 911" }, "geometry": { "type": "Polygon", "coordinates": [ [ [ -121.68608776, 48.298991689000069 ], [ -121.791687180000324, 48.298648576000055 ], [ -121.85729857099976, 48.297476163000049 ], [ -122.194340306999777, 48.297672917000078 ], [ -122.458596039000284, 48.297702671000053 ], [ -122.450730494000396, 48.294797017000072 ], [ -122.445531538000196, 48.292027908000108 ], [ -122.437136041999977, 48.286202007000014 ], [ -122.430578207000025, 48.280492118000012 ], [ -122.421977172999803, 48.272032301000053 ], [ -122.410711136999623, 48.259177180000073 ], [ -122.406441105999519, 48.253679048000038 ], [ -122.403128642999846, 48.247939905000088 ], [ -122.400832783000126, 48.246329492000029 ], [ -122.400833266, 48.244666681000069 ], [ -122.399447462000154, 48.242412195000028 ], [ -122.398376056999567, 48.241377535000026 ], [ -122.393924958, 48.23894366300005 ], [ -122.393115318000255, 48.237937980000012 ], [ -122.393137993999559, 48.235701935000058 ], [ -122.394685142000114, 48.229824235000102 ], [ -122.397942007000282, 48.223492057000058 ], [ -122.406194597999857, 48.211061060000091 ], [ -122.413817493999957, 48.201126425000034 ], [ -122.417796090999843, 48.181701892 ], [ -122.413961177999823, 48.155222995000024 ], [ -122.409582555999961, 48.147241761000039 ], [ -122.403024912999641, 48.137941735 ], [ -122.386909382000383, 48.120136632 ], [ -122.377520972, 48.109009163000046 ], [ -122.36692480099984, 48.100445222000083 ], [ -122.358786546000246, 48.092007420000051 ], [ -122.353475371000357, 48.084983463000093 ], [ -122.345642464999941, 48.070755031000033 ], [ -122.342177644000017, 48.062239239000043 ], [ -122.340378157000274, 48.056365268000022 ], [ -122.339547505999803, 48.050946953000043 ], [ -122.339660214000077, 48.045669076000067 ], [ -122.342302051000075, 48.037984067000082 ], [ -122.35060306499966, 48.022460746000043 ], [ -122.351951655999599, 48.015783661000043 ], [ -122.351753986999796, 48.012560449000013 ], [ -122.350213655999582, 48.007888282000096 ], [ -122.347618084999922, 48.002235117000062 ], [ -122.335929693000196, 47.984154653000061 ], [ -122.332440601999764, 47.977382430000027 ], [ -122.329754912000041, 47.970500585000067 ], [ -122.328548597000363, 47.963265996000068 ], [ -122.329382160000321, 47.954140900000013 ], [ -122.334167066000205, 47.931699219000045 ], [ -122.335793799999863, 47.929142746000039 ], [ -122.346598110000116, 47.918162876000075 ], [ -122.349028305999681, 47.914643590000018 ], [ -122.351308673999839, 47.903404122000047 ], [ -122.355918988999875, 47.895344550000083 ], [ -122.358726713000166, 47.891972871000064 ], [ -122.37060198100022, 47.881256829000066 ], [ -122.379062946999881, 47.874793281000024 ], [ -122.400666144000354, 47.860081717000085 ], [ -122.409087228000303, 47.853495522000046 ], [ -122.417009221000058, 47.845864675000023 ], [ -122.421502675000198, 47.840693974000033 ], [ -122.428437251000318, 47.830586967000066 ], [ -122.433964366999646, 47.81865650700005 ], [ -122.442232473999965, 47.79844741000003 ], [ -122.442884016000207, 47.794150916000028 ], [ -122.442922578000164, 47.789755901000056 ], [ -122.44224098799954, 47.785749859000063 ], [ -122.438092608999526, 47.777814373000041 ], [ -122.335321218999681, 47.777773891000074 ], [ -122.243775432999584, 47.776960602000045 ], [ -122.243771988, 47.780677585000042 ], [ -122.242427475000241, 47.780660262000033 ], [ -122.242430785999915, 47.78420724700004 ], [ -122.243768360000104, 47.784225668000055 ], [ -122.243824541, 47.798729786000109 ], [ -122.230047975000019, 47.809400975000045 ], [ -122.202459657000034, 47.80949102800011 ], [ -122.194270441000157, 47.811628855000016 ], [ -122.190076456000114, 47.814295189000063 ], [ -122.188780639999962, 47.814593671000075 ], [ -122.186114459999644, 47.814050335000033 ], [ -122.186363119999783, 47.787439261000024 ], [ -122.169582432999803, 47.776271895 ], [ -121.991774858999506, 47.77534918200007 ], [ -121.927229296999556, 47.776977790000053 ], [ -121.585219837000324, 47.77702499600008 ], [ -121.455534676999818, 47.780576473000067 ], [ -121.195672424000279, 47.779143719000061 ], [ -121.195625956000256, 47.780101681000069 ], [ -121.119177270999515, 47.779935352000024 ], [ -121.120696773000404, 47.782604318000061 ], [ -121.120311648000339, 47.784278444000073 ], [ -121.111710247999525, 47.787757696000043 ], [ -121.105161716000282, 47.79569469500008 ], [ -121.092570692999615, 47.800724701000021 ], [ -121.070684536999977, 47.826616339000068 ], [ -121.070515286000315, 47.828006161000083 ], [ -121.070871385999681, 47.830182524000065 ], [ -121.076679502999596, 47.831640981000071 ], [ -121.07803244799986, 47.833557114000023 ], [ -121.080221562000162, 47.834122913000016 ], [ -121.095807920000325, 47.832692107000078 ], [ -121.106932418000397, 47.828973518000083 ], [ -121.115630946000294, 47.830209431000092 ], [ -121.118805985000023, 47.830997843000048 ], [ -121.121237831999778, 47.832714513000035 ], [ -121.12127642700024, 47.836625763 ], [ -121.123717401999926, 47.838397479000037 ], [ -121.134342537999686, 47.84304352900007 ], [ -121.158263003000201, 47.876364581000082 ], [ -121.175190318000233, 47.885624261000032 ], [ -121.180505699000307, 47.899286442000083 ], [ -121.171266410999863, 47.912720633000077 ], [ -121.164968113999905, 47.954505827000069 ], [ -121.118183487999687, 47.997103325000083 ], [ -121.131099246999781, 48.021622546000074 ], [ -121.148194607000434, 48.030101470000062 ], [ -121.115975547999682, 48.057963369000063 ], [ -121.036216906999542, 48.076838131000066 ], [ -121.015941747, 48.074794917000077 ], [ -120.980449760999662, 48.09518910000002 ], [ -120.97248125899992, 48.108533666000028 ], [ -120.952628126999841, 48.117223371000058 ], [ -120.965618735000234, 48.140332832000077 ], [ -120.948421155, 48.155031574000091 ], [ -120.907416472999842, 48.163180896 ], [ -120.920587991000417, 48.18731066400003 ], [ -120.964768782999698, 48.211327660000052 ], [ -120.959847576999763, 48.227768837000056 ], [ -120.999917210000362, 48.262941510000083 ], [ -121.012249079000284, 48.281848034000056 ], [ -121.004378845000318, 48.285365685000073 ], [ -121.001657579999517, 48.296008307000072 ], [ -121.487846609999764, 48.296081005000048 ], [ -121.577565547000177, 48.297362162000077 ], [ -121.577577009999956, 48.298966015000083 ], [ -121.632802226000237, 48.298470199000093 ], [ -121.68608776, 48.298991689000069 ] ] ] } },
{ "type": "Feature", "properties": { "psap_name": "South Sound 911" }, "geometry": { "type": "MultiPolygon", "coordinates": [ [ [ [ -122.460938053000206, 47.059259144000038 ], [ -122.523835449999623, 47.010228122000051 ], [ -122.53175504700026, 47.01020879200005 ], [ -122.553336472000339, 47.001954214000058 ], [ -122.558382586999585, 46.986632626000045 ], [ -122.563844327000083, 46.966125575000056 ], [ -122.562821261999616, 46.96530927200007 ], [ -122.563842492999555, 46.963830077000097 ], [ -122.571276442999718, 46.96171025900005 ], [ -122.572203864999821, 46.959385119000032 ], [ -122.568779580000125, 46.949637553000045 ], [ -122.566838434999724, 46.947583736000098 ], [ -122.56582224900032, 46.939134123000038 ], [ -122.556879752999819, 46.931957360000077 ], [ -122.546606546000305, 46.930807992000027 ], [ -122.541766977999558, 46.929020158000078 ], [ -122.528496566000086, 46.925300862000029 ], [ -122.527573961000101, 46.924693445000052 ], [ -122.526998542999678, 46.922268277000072 ], [ -122.525207541000157, 46.919372485000082 ], [ -122.52062317799988, 46.915606886000056 ], [ -122.497796830000155, 46.908843310000087 ], [ -122.494052659999639, 46.904911628000029 ], [ -122.496316477999557, 46.903411478000073 ], [ -122.496310647000044, 46.901926325000026 ], [ -122.497256969000318, 46.899378278000015 ], [ -122.497251379999724, 46.897142264000102 ], [ -122.495913122999639, 46.893842220000067 ], [ -122.49421961700034, 46.892459733000095 ], [ -122.492840244000078, 46.889035270000086 ], [ -122.491139442999724, 46.888106036000103 ], [ -122.490909169999782, 46.88742087900004 ], [ -122.491071435, 46.885064398000026 ], [ -122.488329299999876, 46.877346528000054 ], [ -122.491412608999553, 46.87504677300003 ], [ -122.491332100000321, 46.868623055000043 ], [ -122.490884718999496, 46.86744281100006 ], [ -122.490044185000158, 46.866880673000033 ], [ -122.486616675999898, 46.866984872000032 ], [ -122.485492549999961, 46.868146691000057 ], [ -122.482309160999762, 46.867712015000038 ], [ -122.451740137999835, 46.852648927000104 ], [ -122.408047831999838, 46.84581962000005 ], [ -122.374014460000041, 46.844545369000066 ], [ -122.346821610000177, 46.836979113000062 ], [ -122.334137333000385, 46.842102075000057 ], [ -122.31735870799956, 46.828696111000028 ], [ -122.308599560999781, 46.829788456000109 ], [ -122.30567712899996, 46.829157311000095 ], [ -122.303576449999966, 46.828117895000041 ], [ -122.302779200000245, 46.825536481000029 ], [ -122.304163404999755, 46.822827224000051 ], [ -122.304162546999976, 46.815245982000071 ], [ -122.302472949000034, 46.809015660000064 ], [ -122.306273523999835, 46.806293296000057 ], [ -122.307728666999921, 46.803109857000017 ], [ -122.310796867000363, 46.800140834000011 ], [ -122.311215781999607, 46.798215005000039 ], [ -122.312522428999699, 46.795966246000027 ], [ -122.311409141000297, 46.793213110000089 ], [ -122.309432402000397, 46.791188578000039 ], [ -122.309015631000364, 46.789602972000083 ], [ -122.307787780000282, 46.788953285000048 ], [ -122.296237958000219, 46.785341748000057 ], [ -122.293043744999721, 46.780503706000054 ], [ -122.287752977000324, 46.777564786000028 ], [ -122.285363793000244, 46.773783782000088 ], [ -122.269051821, 46.766431563000012 ], [ -122.256848603999842, 46.77263633200004 ], [ -122.250558238999858, 46.771574024000081 ], [ -122.249249553000098, 46.772281116000023 ], [ -122.248526346999739, 46.774422709000056 ], [ -122.247553443000356, 46.775207800000032 ], [ -122.239821682999803, 46.775870695 ], [ -122.238087646000324, 46.775314361000028 ], [ -122.237322096000113, 46.773712071000034 ], [ -122.236277730000296, 46.772993173000046 ], [ -122.233447034000378, 46.773286988000052 ], [ -122.230554593000122, 46.772280810000062 ], [ -122.229874368000338, 46.770105912000055 ], [ -122.227373842999583, 46.76887947000008 ], [ -122.225815765000263, 46.768902657000098 ], [ -122.221529661999796, 46.770229342000057 ], [ -122.216833190000401, 46.768504054000083 ], [ -122.213200768000263, 46.769995823000059 ], [ -122.211038251999838, 46.770092607000016 ], [ -122.209649286000285, 46.769098060000054 ], [ -122.208159399999914, 46.765689631000072 ], [ -122.203701403999716, 46.764083665000072 ], [ -122.201981714999718, 46.761551429000058 ], [ -122.177883187999839, 46.755222904000043 ], [ -122.169855621000281, 46.755276043000052 ], [ -122.164587080999567, 46.75745118300005 ], [ -122.154936328999696, 46.753490100000079 ], [ -122.145658810999564, 46.754160148000068 ], [ -122.139120671999677, 46.75472988300001 ], [ -122.124099871999761, 46.751651675000041 ], [ -122.115560438999964, 46.748900621000089 ], [ -122.08229845799994, 46.752220149000031 ], [ -122.040797458999833, 46.742357484000102 ], [ -122.008101402999557, 46.752567096000064 ], [ -121.978638023, 46.744273011000075 ], [ -121.967079833999776, 46.749098374000049 ], [ -121.962626008999621, 46.752093296000083 ], [ -121.952922363000127, 46.754672764000105 ], [ -121.950432643000298, 46.752907351000069 ], [ -121.934510789999806, 46.744448541000061 ], [ -121.932742801999694, 46.742766671 ], [ -121.929997407999764, 46.739871352000115 ], [ -121.92735842000036, 46.740247883000066 ], [ -121.921406155999904, 46.739024516000029 ], [ -121.919652400999695, 46.739692235000085 ], [ -121.905927068999759, 46.737918957000048 ], [ -121.854038266999893, 46.730487855000042 ], [ -121.845075195999556, 46.728405933000055 ], [ -121.832710483999961, 46.729636537000026 ], [ -121.802667162999597, 46.757816637000062 ], [ -121.79891550999956, 46.761287486000086 ], [ -121.790441207000342, 46.766570669000032 ], [ -121.787701684999959, 46.769819292000058 ], [ -121.758592818999844, 46.783791137000051 ], [ -121.455218314000419, 46.783797370000045 ], [ -121.455442361999715, 46.786179484000051 ], [ -121.452816264999882, 46.789173247000072 ], [ -121.447484702999603, 46.792269479 ], [ -121.445995827000274, 46.791951672 ], [ -121.442517658999861, 46.79266100600006 ], [ -121.444122781999695, 46.794843727000078 ], [ -121.457878305999898, 46.811773768000066 ], [ -121.47443951599972, 46.82022592700006 ], [ -121.497344867999885, 46.862865562000067 ], [ -121.507532164000082, 46.864803352000074 ], [ -121.51516821099996, 46.870967842 ], [ -121.523070449000073, 46.872782824000083 ], [ -121.520284520999596, 46.879177665000064 ], [ -121.513265916000293, 46.884805766000049 ], [ -121.514245416000023, 46.890987532000068 ], [ -121.510443323000104, 46.896611185000033 ], [ -121.502840430000234, 46.901270794000041 ], [ -121.496986940999719, 46.90834253500006 ], [ -121.474521398000221, 46.913634057000102 ], [ -121.456447834000244, 46.92357725200003 ], [ -121.456922910000159, 46.928257319000068 ], [ -121.454093124999744, 46.929396857000029 ], [ -121.450563184000202, 46.93284107000003 ], [ -121.449464880000363, 46.934353513000048 ], [ -121.44949006200018, 46.93533055200006 ], [ -121.4505084219998, 46.93883250500005 ], [ -121.452435391000193, 46.941860087000087 ], [ -121.452371721, 46.945288671000057 ], [ -121.450347466000323, 46.94834919000003 ], [ -121.452685921999759, 46.956524186000102 ], [ -121.455735431000235, 46.957987627000087 ], [ -121.458366557999753, 46.960014523000055 ], [ -121.457510157000087, 46.962990381000054 ], [ -121.457728937000084, 46.964036411000023 ], [ -121.455078584999754, 46.964781976000019 ], [ -121.448230571999815, 46.969646544000035 ], [ -121.445288572999758, 46.970691811000066 ], [ -121.444182837000398, 46.972059577000067 ], [ -121.4421431720003, 46.972936589000057 ], [ -121.442094303000275, 46.974256922000066 ], [ -121.44380366900026, 46.974658126000051 ], [ -121.44571235100004, 46.977502883000056 ], [ -121.446175713999921, 46.978340578 ], [ -121.446186081000278, 46.980074903000073 ], [ -121.443227244999918, 46.98064686600005 ], [ -121.441363851000176, 46.982697786000053 ], [ -121.427794024000121, 46.987882702000057 ], [ -121.42091262199996, 46.98857775500008 ], [ -121.420246813000375, 46.989012210000034 ], [ -121.419254254999856, 46.991908617999989 ], [ -121.413502892000125, 46.995179688000029 ], [ -121.409122686999837, 46.995189252000067 ], [ -121.406457196000162, 46.998744808 ], [ -121.406475174999926, 47.00053318500003 ], [ -121.408653880000017, 47.002099938000086 ], [ -121.409568656999767, 47.003579615000021 ], [ -121.406193738000155, 47.012176086000039 ], [ -121.396637423999664, 47.018743122000032 ], [ -121.394795808000154, 47.022775556000056 ], [ -121.396641591000403, 47.029370575000051 ], [ -121.399374427999845, 47.031407563000045 ], [ -121.399801768999723, 47.033464520000031 ], [ -121.398816845000155, 47.034768143000043 ], [ -121.397021353999662, 47.035566314000064 ], [ -121.388406883000314, 47.044843328000105 ], [ -121.386263635000361, 47.048918997000051 ], [ -121.381068257999601, 47.050371226000067 ], [ -121.379194341999707, 47.05403648900004 ], [ -121.376447486999538, 47.05485939600004 ], [ -121.374525602000105, 47.056091732000013 ], [ -121.374115168999793, 47.057005875000065 ], [ -121.376328858000207, 47.060644877000058 ], [ -121.376783602, 47.062452850000085 ], [ -121.376579858000284, 47.064975675 ], [ -121.375078858000137, 47.067683442000011 ], [ -121.375147460999884, 47.072896484000033 ], [ -121.379617154000243, 47.076264323000053 ], [ -121.379827484000245, 47.079067715000086 ], [ -121.381928597999561, 47.081142526000043 ], [ -121.383619547999913, 47.084143709000045 ], [ -121.381797687999878, 47.086145223000045 ], [ -121.379961044000339, 47.087247776000012 ], [ -121.418027033999962, 47.088222627000029 ], [ -121.428033568000075, 47.08736057000003 ], [ -121.434941814000126, 47.085697753000041 ], [ -121.438342564, 47.085499862000077 ], [ -121.440163147999741, 47.084468479000051 ], [ -121.441755693999923, 47.084402032000028 ], [ -121.44724762199958, 47.086078084000043 ], [ -121.44742686399988, 47.087025023000066 ], [ -121.448098939000104, 47.087006482000028 ], [ -121.449865029999984, 47.088413347000014 ], [ -121.454736369000315, 47.089353146000086 ], [ -121.456580442999737, 47.091011202000047 ], [ -121.4576175899996, 47.09119764700003 ], [ -121.457665646000024, 47.091981108000056 ], [ -121.458553091999804, 47.092668162000045 ], [ -121.463831634000044, 47.094683512000074 ], [ -121.466071676000098, 47.09611770900004 ], [ -121.468198176000342, 47.098488198000062 ], [ -121.471878740000221, 47.099738851000026 ], [ -121.480682323999901, 47.110636229000065 ], [ -121.489776128000315, 47.116366938000041 ], [ -121.491139570999565, 47.116900581000039 ], [ -121.4920455540002, 47.116801634000055 ], [ -121.493213792000319, 47.115897045000061 ], [ -121.497224511000354, 47.11644246 ], [ -121.506853281999625, 47.118830743000018 ], [ -121.508721962999857, 47.122088353000045 ], [ -121.531510542000021, 47.124579398000037 ], [ -121.581474357999923, 47.118689761000063 ], [ -121.589113886000277, 47.120231207000089 ], [ -121.594461178999538, 47.122228200000038 ], [ -121.595197667999955, 47.125255272000032 ], [ -121.597219773999498, 47.12590783600006 ], [ -121.598448101999594, 47.127431358000102 ], [ -121.598677423999902, 47.128627782000081 ], [ -121.600644912999698, 47.12994131100006 ], [ -121.600989212999906, 47.131648712000072 ], [ -121.609650317999822, 47.138382084000042 ], [ -121.611469483000107, 47.142990700000048 ], [ -121.615206468999901, 47.14354351 ], [ -121.617609270999765, 47.144680163000025 ], [ -121.617232784999885, 47.146484963 ], [ -121.620794195999622, 47.149399471000059 ], [ -121.624358327999957, 47.151271568000041 ], [ -121.62636458899982, 47.151679058000063 ], [ -121.627058735000219, 47.152387608 ], [ -121.62830871299964, 47.151999401000083 ], [ -121.62953255699972, 47.153428036000015 ], [ -121.637553353999763, 47.153308461000051 ], [ -121.648521645999637, 47.15493385100006 ], [ -121.664516327000356, 47.159564312000029 ], [ -121.684172880000261, 47.149785308000034 ], [ -121.719136357000238, 47.151116291000065 ], [ -121.721316305000101, 47.151882264000037 ], [ -121.724902610999678, 47.154387913000079 ], [ -121.728015669999778, 47.157631987000073 ], [ -121.738016391999722, 47.160371138000052 ], [ -121.743085836999683, 47.164538471000093 ], [ -121.74456779899954, 47.164641785000086 ], [ -121.74643240400016, 47.162690559000055 ], [ -121.749485683999723, 47.162072446000074 ], [ -121.762462521000202, 47.167509036000055 ], [ -121.763980393999759, 47.167595285000047 ], [ -121.766852113999718, 47.166776224000039 ], [ -121.769296841000042, 47.165417442000056 ], [ -121.773346973999963, 47.166492436000027 ], [ -121.775608635000282, 47.167933165000079 ], [ -121.777871255999557, 47.170763098000094 ], [ -121.776906895999943, 47.172824840000011 ], [ -121.777256361000397, 47.173316946000035 ], [ -121.783362666999963, 47.172222159000043 ], [ -121.795804330000138, 47.173226292000017 ], [ -121.819296863999938, 47.158801508000039 ], [ -121.83168919500028, 47.148483040000052 ], [ -121.834229230000275, 47.147336352000103 ], [ -121.836801128999838, 47.144726269000017 ], [ -121.839456905, 47.14339678500005 ], [ -121.842429040000283, 47.143315691000069 ], [ -121.846125318000375, 47.144389507 ], [ -121.849452812000393, 47.147261218000025 ], [ -121.855236102000305, 47.147555229000048 ], [ -121.859167844999476, 47.14647014400007 ], [ -121.860413065000117, 47.146597075000031 ], [ -121.861089084999563, 47.147264737000029 ], [ -121.860849109999606, 47.150650711000054 ], [ -121.863076241000044, 47.151930130000032 ], [ -121.865477021, 47.15260278100007 ], [ -121.866547059000084, 47.152633327000046 ], [ -121.872936296000077, 47.150534290000046 ], [ -121.875217089000415, 47.151228046000043 ], [ -121.878466131000366, 47.153940825000078 ], [ -121.882593960999642, 47.152977047000078 ], [ -121.886186957999954, 47.152947075000043 ], [ -121.901538164999963, 47.155741858000034 ], [ -121.920895990000261, 47.149955476000066 ], [ -121.927879119000039, 47.147718558000058 ], [ -121.927858442000158, 47.144815825000094 ], [ -121.931366619999494, 47.140101753000046 ], [ -121.93291716900012, 47.138562665000059 ], [ -121.934881271999899, 47.138218829000067 ], [ -121.942031031000141, 47.140031667000102 ], [ -121.943544460999661, 47.139968215000074 ], [ -121.950600789000305, 47.145156364000051 ], [ -121.952106655000122, 47.154521717000051 ], [ -121.958674142999641, 47.157237258000066 ], [ -121.960282120000102, 47.157231714000062 ], [ -121.964630290000258, 47.155986260000077 ], [ -121.969514811000366, 47.156281156000077 ], [ -121.971338027000115, 47.157387796000066 ], [ -121.973141111999624, 47.160695659000083 ], [ -121.980580823999716, 47.164563244000092 ], [ -121.983776901999761, 47.164691281000046 ], [ -121.988518332000382, 47.162977494000089 ], [ -121.991166688999684, 47.163076755000098 ], [ -121.993647330000016, 47.167711725000032 ], [ -121.993931852000358, 47.172569727000074 ], [ -121.997451171000222, 47.17219243200001 ], [ -122.000596574000198, 47.170196450000034 ], [ -122.004533285999855, 47.170195376000038 ], [ -122.006774456999835, 47.170963861000089 ], [ -122.006695326999903, 47.172877632000031 ], [ -122.009758025999616, 47.17540344500005 ], [ -122.01272402900004, 47.176050275000058 ], [ -122.022253580999802, 47.173996490000029 ], [ -122.031933939000155, 47.175007151000024 ], [ -122.036379132999684, 47.172800345000063 ], [ -122.041464080000125, 47.172725169000046 ], [ -122.045141304, 47.171240195000046 ], [ -122.047485422999642, 47.171230133000073 ], [ -122.049316818000179, 47.172127400000065 ], [ -122.050936056999674, 47.173894698 ], [ -122.053683157999899, 47.175720212000051 ], [ -122.054193224, 47.177089292000062 ], [ -122.053840341999518, 47.177961631000059 ], [ -122.054297202999706, 47.178600967000072 ], [ -122.058429415999598, 47.179911756000067 ], [ -122.063384840999916, 47.185878971000101 ], [ -122.067512703999697, 47.187703320000026 ], [ -122.070157840999542, 47.187643838000028 ], [ -122.081335973999714, 47.190224373000042 ], [ -122.094764092999796, 47.194976648000079 ], [ -122.095162003999761, 47.195641649000045 ], [ -122.093934866999561, 47.196726677000079 ], [ -122.096827741000354, 47.199577532000013 ], [ -122.100713045999683, 47.200071647000087 ], [ -122.110915640999963, 47.212527590000057 ], [ -122.11110771099996, 47.219476263000026 ], [ -122.112857531000159, 47.22346626800001 ], [ -122.117389656000057, 47.226798727000094 ], [ -122.115767658000323, 47.227747217000051 ], [ -122.114883683000059, 47.228921376000109 ], [ -122.114657011000219, 47.229906142000061 ], [ -122.115061355000364, 47.230902114000038 ], [ -122.115820621000367, 47.231383423000054 ], [ -122.120739115999754, 47.230943815000053 ], [ -122.125458690000286, 47.232316025000031 ], [ -122.125872739999735, 47.23402585200008 ], [ -122.122511357999741, 47.237240664000062 ], [ -122.123775767000325, 47.239910020000096 ], [ -122.134620539000281, 47.244318288000017 ], [ -122.138072992999639, 47.251231816 ], [ -122.13756584399998, 47.253354989000051 ], [ -122.136755112999893, 47.254373181000062 ], [ -122.137238619999579, 47.255171883000067 ], [ -122.142323460999705, 47.255495526000047 ], [ -122.143228676000078, 47.255988304 ], [ -122.143968076999982, 47.257379431000054 ], [ -122.208317043000022, 47.257359077000039 ], [ -122.208323103999717, 47.253707194000093 ], [ -122.186972384000342, 47.254014529000059 ], [ -122.195398247999677, 47.243219689000043 ], [ -122.203248388999924, 47.242801887000049 ], [ -122.203243909000079, 47.240970478000051 ], [ -122.208388677000016, 47.240753400000095 ], [ -122.208401529999861, 47.241671810000064 ], [ -122.218693992000325, 47.241761894000049 ], [ -122.22395676099994, 47.242718067000027 ], [ -122.229096819999683, 47.24638561700003 ], [ -122.229304128999516, 47.250173844000038 ], [ -122.235003299999875, 47.250350084000026 ], [ -122.235145144000299, 47.25071179400004 ], [ -122.229410453999876, 47.251763328000045 ], [ -122.229789344000196, 47.257547399000011 ], [ -122.244848805999681, 47.257446691000041 ], [ -122.245129730000286, 47.250445698000092 ], [ -122.245261143999727, 47.249979987000088 ], [ -122.246125297000376, 47.249985900000077 ], [ -122.246116363999562, 47.24297831800002 ], [ -122.254444221000114, 47.242961436000051 ], [ -122.252497774999881, 47.238921687000072 ], [ -122.250510513000023, 47.236332517000029 ], [ -122.249965919999553, 47.233245243000063 ], [ -122.24645401800008, 47.222365623000059 ], [ -122.246416215000167, 47.208862280000055 ], [ -122.247180255999581, 47.206592020000059 ], [ -122.248521943999904, 47.205126687000046 ], [ -122.254545823000086, 47.201941748000102 ], [ -122.251594527999913, 47.199912402000081 ], [ -122.276092370999962, 47.201431229000057 ], [ -122.283396754999643, 47.18237356 ], [ -122.296230945999937, 47.176834838000033 ], [ -122.296994808000164, 47.159776432000058 ], [ -122.357429742000122, 47.157080512000057 ], [ -122.464423188999604, 47.158783855000088 ], [ -122.477139826999959, 47.161937214 ], [ -122.48028198500036, 47.161392936000048 ], [ -122.488625294000286, 47.155807629000051 ], [ -122.474301016999576, 47.155839235000052 ], [ -122.467953781999967, 47.153966103000052 ], [ -122.464093723000076, 47.097669817000025 ], [ -122.434933709999939, 47.097297685000058 ], [ -122.443200597000086, 47.068129206000023 ], [ -122.460938053000206, 47.059259144000038 ] ], [ [ -122.415539537000086, 47.062755287000059 ], [ -122.410996034999727, 47.060634804000095 ], [ -122.405667595999745, 47.055190036000049 ], [ -122.389300578000316, 47.044648038000062 ], [ -122.389796439999927, 47.023909065000083 ], [ -122.421743256000056, 47.020015055000059 ], [ -122.421874240000193, 46.994940389000064 ], [ -122.505239139999915, 46.996134812000051 ], [ -122.523244835999961, 47.009575311000063 ], [ -122.459126484000365, 47.059342833000052 ], [ -122.450806485000157, 47.061655040000083 ], [ -122.415539537000086, 47.062755287000059 ] ] ], [ [ [ -122.522642351999835, 47.124887197000078 ], [ -122.525424382000125, 47.12669966900004 ], [ -122.541661599999557, 47.126640668000064 ], [ -122.542929117000384, 47.12589142100007 ], [ -122.522642351999835, 47.124887197000078 ] ] ], [ [ [ -122.514653056999833, 47.14122502 ], [ -122.497595463000181, 47.139377474000064 ], [ -122.496886002999645, 47.141300298000054 ], [ -122.495443434999601, 47.151822254000074 ], [ -122.502254164000405, 47.147683372000088 ], [ -122.508718394999576, 47.144394703000032 ], [ -122.514653056999833, 47.14122502 ] ] ], [ [ [ -122.283629225000297, 47.189074816000058 ], [ -122.280717891000378, 47.200967287000026 ], [ -122.292684029000156, 47.203531347000087 ], [ -122.292828058999646, 47.202954406000089 ], [ -122.294268723999622, 47.203522861000046 ], [ -122.293633090999521, 47.205459740000016 ], [ -122.278916709999876, 47.203003972000012 ], [ -122.272060691000362, 47.202137189000027 ], [ -122.249477305000397, 47.205656282000071 ], [ -122.2476788849998, 47.222029062000047 ], [ -122.250937462000238, 47.231713380000059 ], [ -122.254158657999682, 47.232652577000067 ], [ -122.255708649000084, 47.242901693000071 ], [ -122.262206753999905, 47.257260452000025 ], [ -122.291280342999741, 47.257323509000067 ], [ -122.293053562000239, 47.258623469000035 ], [ -122.292643857999863, 47.259584475000061 ], [ -122.300512792999982, 47.260866065000101 ], [ -122.311520311000365, 47.260899824000013 ], [ -122.308558608999661, 47.262768056000034 ], [ -122.3085478670003, 47.263664949000024 ], [ -122.303311293000121, 47.262613600000037 ], [ -122.308502664999594, 47.263944984000069 ], [ -122.310066088999847, 47.263357084000077 ], [ -122.312301224000237, 47.260901915000034 ], [ -122.324068980000234, 47.264512732000064 ], [ -122.331362752000246, 47.257364735000081 ], [ -122.3349139930002, 47.257366329000071 ], [ -122.33483029999968, 47.263109574000062 ], [ -122.437251828000313, 47.333717290000045 ], [ -122.471551207000275, 47.318619607000066 ], [ -122.500747222000342, 47.317781204000042 ], [ -122.523571779999955, 47.324175179000065 ], [ -122.541485628999723, 47.346907021000028 ], [ -122.529072354000405, 47.372958652000051 ], [ -122.539268729999876, 47.392461022000099 ], [ -122.53921058999984, 47.398728109000039 ], [ -122.536992511000022, 47.403355439000045 ], [ -122.623225619000166, 47.403500791000063 ], [ -122.624057371000163, 47.402639508000028 ], [ -122.615574864999886, 47.388396665000094 ], [ -122.618374607999755, 47.371374071000055 ], [ -122.601878493000356, 47.334277531000041 ], [ -122.561041952000167, 47.288493871000036 ], [ -122.558986582000102, 47.275769163000092 ], [ -122.538443319999885, 47.259693279000011 ], [ -122.535526441999565, 47.259144031000048 ], [ -122.515643913999966, 47.258478698000012 ], [ -122.498174064000281, 47.235936650000049 ], [ -122.464565327999594, 47.235998229000081 ], [ -122.460714801999657, 47.190832679000017 ], [ -122.466529258999842, 47.175676300000092 ], [ -122.46764636400016, 47.160494082000099 ], [ -122.457463982000206, 47.158814933000059 ], [ -122.357165580000355, 47.159114522000046 ], [ -122.312273648999877, 47.159189234000088 ], [ -122.309477051000016, 47.159436222000025 ], [ -122.307765658999898, 47.159345988000041 ], [ -122.298021262999967, 47.161291815000041 ], [ -122.299007159, 47.161623765000051 ], [ -122.297516530000379, 47.176554496000023 ], [ -122.28363927299992, 47.187731080000056 ], [ -122.283629225000297, 47.189074816000058 ] ] ], [ [ [ -122.62591831399962, 47.403518267000045 ], [ -122.653092935000345, 47.403091092000075 ], [ -122.80119855599996, 47.403577759000022 ], [ -122.801082870999906, 47.356536411000071 ], [ -122.801904126999617, 47.354513828000066 ], [ -122.806666855000117, 47.349358651000038 ], [ -122.807765918999834, 47.346203940000038 ], [ -122.806707611000405, 47.34196278100007 ], [ -122.804316424999641, 47.336935228000073 ], [ -122.803738924000086, 47.333357163000066 ], [ -122.804297943999714, 47.326934596000086 ], [ -122.806162914000197, 47.320680770000081 ], [ -122.809076831999562, 47.313507779000048 ], [ -122.812098112000044, 47.308655284000046 ], [ -122.815785793999623, 47.303933765000075 ], [ -122.824801552999674, 47.295545567000019 ], [ -122.841239442999523, 47.282804252000062 ], [ -122.847739408999558, 47.275853400000102 ], [ -122.850950010999753, 47.269746172000069 ], [ -122.852291049999636, 47.265587900000078 ], [ -122.852914629999901, 47.256466221000032 ], [ -122.852002937999913, 47.252210652 ], [ -122.850041695999593, 47.247532387000021 ], [ -122.847249652000045, 47.24302790700002 ], [ -122.841273699999562, 47.23564507 ], [ -122.836939809000199, 47.226746522000063 ], [ -122.825192104000124, 47.217954821000042 ], [ -122.822695285999799, 47.206853030000019 ], [ -122.821489168999605, 47.197844847000077 ], [ -122.820576114000204, 47.194220591000011 ], [ -122.805701095000359, 47.186578967000074 ], [ -122.789451312999844, 47.168561576000087 ], [ -122.77446608399984, 47.15413575600008 ], [ -122.765886398999555, 47.150251875000045 ], [ -122.762674252000394, 47.143472629000037 ], [ -122.755573723999674, 47.138561677000027 ], [ -122.74981323300004, 47.136542028000086 ], [ -122.731089034999798, 47.126462126000028 ], [ -122.726390108999766, 47.123137201000056 ], [ -122.716969976000357, 47.118635172000054 ], [ -122.710020630999864, 47.117417441000029 ], [ -122.700436024999618, 47.116796033000092 ], [ -122.698197664999739, 47.116001721000011 ], [ -122.692178006999825, 47.099205948000069 ], [ -122.692929849999686, 47.096459748000029 ], [ -122.696960978999655, 47.09425533900005 ], [ -122.697606122999943, 47.088802562000041 ], [ -122.706341666000284, 47.086317541000057 ], [ -122.707544229000206, 47.085332469000072 ], [ -122.705760311999839, 47.082734759000061 ], [ -122.705776227999706, 47.081628029000065 ], [ -122.707881348000086, 47.078858931000035 ], [ -122.708112221000079, 47.077608909000077 ], [ -122.704047831999759, 47.071870829000041 ], [ -122.699702785999719, 47.073630341000033 ], [ -122.675107264000033, 47.090153378000032 ], [ -122.646630013999953, 47.089193191000049 ], [ -122.640771063, 47.089451532000062 ], [ -122.636240855000423, 47.090211139000104 ], [ -122.621205547000244, 47.094187373000075 ], [ -122.622486973999955, 47.111580897000039 ], [ -122.627544694000207, 47.126330130000035 ], [ -122.616880085999938, 47.15726076 ], [ -122.589801475999835, 47.159408735000078 ], [ -122.568448644999975, 47.148673257 ], [ -122.560619814000219, 47.119266009000057 ], [ -122.527310827000022, 47.136730181000082 ], [ -122.521727914999886, 47.139446609000053 ], [ -122.506564328000238, 47.146660392000058 ], [ -122.499392153999878, 47.150484708000079 ], [ -122.482717971000383, 47.163607818000031 ], [ -122.478283771999983, 47.165631805000039 ], [ -122.466937090000286, 47.181135215 ], [ -122.465683354000362, 47.180301058000069 ], [ -122.463639032999794, 47.188588243000012 ], [ -122.466001599999743, 47.22225825700005 ], [ -122.464691974000203, 47.223793020000059 ], [ -122.464402212000124, 47.229811317000028 ], [ -122.469499910000323, 47.234578037000055 ], [ -122.496213817999802, 47.234314433000051 ], [ -122.505020845000317, 47.240225012000053 ], [ -122.518334213000287, 47.25760944400006 ], [ -122.528127734000321, 47.258327270000066 ], [ -122.537043982999762, 47.25780130800004 ], [ -122.538403295, 47.258116665000024 ], [ -122.542923537, 47.261195422000092 ], [ -122.560454911000164, 47.275417550000071 ], [ -122.562243453000093, 47.279809745000094 ], [ -122.561487204999864, 47.279952671000025 ], [ -122.56206244, 47.288177372000035 ], [ -122.603718255000203, 47.334971357000029 ], [ -122.616453649999727, 47.3583275330001 ], [ -122.619306739999843, 47.372063893000089 ], [ -122.616473273999858, 47.387351581000068 ], [ -122.618571722999476, 47.392704717000079 ], [ -122.624881596999955, 47.401783195000085 ], [ -122.625458710000046, 47.398704927000054 ], [ -122.626286312999724, 47.398583769 ], [ -122.62591831399962, 47.403518267000045 ] ] ] ] } },
{ "type": "Feature", "properties": { "psap_name": "SunCom 911" }, "geometry": { "type": "Polygon", "coordinates": [ [ [ -121.274996541999514, 47.086225561000028 ], [ -121.281010435, 47.088748111000037 ], [ -121.290791028999678, 47.086090842000047 ], [ -121.299626255, 47.085795616000055 ], [ -121.306581852999798, 47.082225928000078 ], [ -121.308751890000323, 47.078644847000064 ], [ -121.310256137999545, 47.077246891000087 ], [ -121.318474681000239, 47.075561615 ], [ -121.32578467200004, 47.07643092200005 ], [ -121.329134119000216, 47.075520269000059 ], [ -121.335271137999598, 47.07579553000005 ], [ -121.3379256340002, 47.077700838000041 ], [ -121.339877594999606, 47.078298116000035 ], [ -121.340889658000407, 47.079363225000073 ], [ -121.350937358999843, 47.07688359900002 ], [ -121.357428397, 47.071138126000051 ], [ -121.361891418999662, 47.070903410000014 ], [ -121.364090879000358, 47.071666381000043 ], [ -121.366410704000117, 47.073920738000055 ], [ -121.36985274, 47.078799271000015 ], [ -121.376724960999681, 47.081792663000037 ], [ -121.378188971000384, 47.083694404 ], [ -121.379201855000304, 47.086727235000062 ], [ -121.381797687000059, 47.086143634000045 ], [ -121.383619546000261, 47.084142120000088 ], [ -121.379617151999696, 47.076262734000082 ], [ -121.375147460000065, 47.07289489500004 ], [ -121.375841141999956, 47.070881804000045 ], [ -121.375078857000275, 47.067681853000067 ], [ -121.376579858000284, 47.064974086000049 ], [ -121.376783601000199, 47.062451262000096 ], [ -121.37632885700036, 47.060643288 ], [ -121.37423537399988, 47.057491454000044 ], [ -121.374250371999679, 47.056434651000046 ], [ -121.376447485999719, 47.054857807000111 ], [ -121.379194340000041, 47.054034901000051 ], [ -121.381068256999797, 47.050369637000081 ], [ -121.386263633999619, 47.048917408000072 ], [ -121.3884068819996, 47.044841740000017 ], [ -121.397021352, 47.035564726000075 ], [ -121.398816842999594, 47.03476655300009 ], [ -121.399801767000056, 47.033462932000077 ], [ -121.399374426000179, 47.031405973000069 ], [ -121.396641589999675, 47.029368985000083 ], [ -121.397030161000046, 47.025724554000064 ], [ -121.395357664999835, 47.024497097000058 ], [ -121.394795804999802, 47.022773966000017 ], [ -121.396637421000193, 47.018741533000039 ], [ -121.406193737000365, 47.012174496000043 ], [ -121.406156701999834, 47.00901494000005 ], [ -121.407820178999955, 47.005672681000043 ], [ -121.409568655000101, 47.003578025000103 ], [ -121.408653879000198, 47.002098348000061 ], [ -121.406475173000246, 47.00053159400003 ], [ -121.406457196000162, 46.998743216000015 ], [ -121.409122686000018, 46.995187662000014 ], [ -121.413502892000125, 46.99517809600006 ], [ -121.419254253000204, 46.991907027000067 ], [ -121.420562468999606, 46.988721906000087 ], [ -121.427794020999741, 46.987881111000021 ], [ -121.433607159999795, 46.984795930000089 ], [ -121.441363850000343, 46.982696195000074 ], [ -121.443227244000127, 46.980645276000104 ], [ -121.446276585000319, 46.979979338000064 ], [ -121.445712349000402, 46.977501290000085 ], [ -121.443803667999561, 46.974656535000037 ], [ -121.442094301999518, 46.974255331000023 ], [ -121.4421431720003, 46.972934998000028 ], [ -121.445288572999758, 46.97069022000008 ], [ -121.448230570000163, 46.969644953000028 ], [ -121.455078583999963, 46.964780385000047 ], [ -121.457568388000354, 46.964239757 ], [ -121.457510154999525, 46.962988790000082 ], [ -121.458380420999717, 46.96056845400004 ], [ -121.458095537999725, 46.959636446000019 ], [ -121.456460178000285, 46.958431787000045 ], [ -121.452685921999759, 46.956522593000052 ], [ -121.453593790999875, 46.953730776000064 ], [ -121.452746677000079, 46.950883854000068 ], [ -121.450347463999776, 46.94834759800009 ], [ -121.452371719000354, 46.945287079000096 ], [ -121.451879904000023, 46.943735311000047 ], [ -121.452435391000193, 46.941858495000098 ], [ -121.450508420999981, 46.938830914000071 ], [ -121.449490061000361, 46.935328959000032 ], [ -121.449464880000363, 46.934351920000047 ], [ -121.456447833000396, 46.923575659000065 ], [ -121.474521395999659, 46.913632464000081 ], [ -121.496986939000081, 46.908340942000038 ], [ -121.502840428999505, 46.901269199000097 ], [ -121.510443322000285, 46.896609592000068 ], [ -121.514245414000357, 46.890985938000043 ], [ -121.513265914999593, 46.884804172000059 ], [ -121.520284519999777, 46.879176071000053 ], [ -121.52307044800024, 46.872781229000026 ], [ -121.507532161999521, 46.86480175800007 ], [ -121.497344866000262, 46.862863967000067 ], [ -121.474439514999915, 46.820224333000048 ], [ -121.457878304000275, 46.811772173000051 ], [ -121.455401717999607, 46.802441372 ], [ -121.450610881999538, 46.800575622000053 ], [ -121.449323873999603, 46.797488766000058 ], [ -121.444122780000043, 46.794842130000035 ], [ -121.442509204999638, 46.792977876000045 ], [ -121.442635077999967, 46.792580979000057 ], [ -121.44599582599956, 46.791950074000077 ], [ -121.447484700999979, 46.792267883000051 ], [ -121.450445678000079, 46.789901518000093 ], [ -121.451683703999961, 46.789755542000108 ], [ -121.453346812000035, 46.788748698000077 ], [ -121.455561867000199, 46.785880044000088 ], [ -121.455026729999716, 46.780600420000049 ], [ -121.452510730000043, 46.776672057000049 ], [ -121.449632174000399, 46.7738397890001 ], [ -121.447775412000084, 46.77310888200001 ], [ -121.44695710899984, 46.7678463 ], [ -121.443200767999542, 46.76761737100005 ], [ -121.438645488999555, 46.762559318000065 ], [ -121.425287722000235, 46.757424284000081 ], [ -121.425087599999642, 46.754112699000046 ], [ -121.423770448, 46.753204103000023 ], [ -121.4236677990001, 46.752563075000083 ], [ -121.426427835000183, 46.748018120000019 ], [ -121.42891756799952, 46.746175591000046 ], [ -121.430799028999843, 46.743355195000063 ], [ -121.431169751000127, 46.741885621000051 ], [ -121.430333413000056, 46.740160469000038 ], [ -121.428968162000274, 46.739221692000079 ], [ -121.412673742999857, 46.735686531000034 ], [ -121.408220839999956, 46.728422639 ], [ -121.36947633199992, 46.726418886000019 ], [ -121.36335630899994, 46.722976965000051 ], [ -121.35882459099976, 46.717054645000061 ], [ -121.354738209, 46.715301500000052 ], [ -121.354003561999576, 46.712953790000029 ], [ -121.353179447000045, 46.712264598000033 ], [ -121.353562227000197, 46.711504886000029 ], [ -121.355652081000073, 46.711307992000052 ], [ -121.357714450999836, 46.71214748600007 ], [ -121.359967401, 46.711924611000029 ], [ -121.375866590999777, 46.705271420000031 ], [ -121.376679609000078, 46.686484644000032 ], [ -121.398949245000324, 46.688078613000052 ], [ -121.407331544999636, 46.683660926000059 ], [ -121.408905379999695, 46.680557037000035 ], [ -121.411068835999941, 46.677700592000079 ], [ -121.413217388999925, 46.675866385000056 ], [ -121.412858027000354, 46.673684672000029 ], [ -121.411540619999514, 46.671858834000048 ], [ -121.412392890000262, 46.669232300000068 ], [ -121.411326209999714, 46.665958605000057 ], [ -121.416216918999766, 46.660473068000073 ], [ -121.416790112999678, 46.655018163000058 ], [ -121.416275149000199, 46.651398859000039 ], [ -121.412690523000236, 46.648278780000048 ], [ -121.400728866999927, 46.64613827200003 ], [ -121.396147031999902, 46.640175267000096 ], [ -121.39071857600004, 46.639580334000051 ], [ -121.387567589000355, 46.637523385000051 ], [ -121.386384791000125, 46.636035764000034 ], [ -121.389236938000039, 46.616892940000078 ], [ -121.399959933000247, 46.611694224000097 ], [ -121.400539428999878, 46.606792570000025 ], [ -121.404738206999767, 46.605891534000072 ], [ -121.407582678999646, 46.602103809 ], [ -121.407589060999726, 46.60147318600005 ], [ -121.40528034399992, 46.599012234000064 ], [ -121.404615449000246, 46.596829106000037 ], [ -121.40265605399992, 46.594782011000049 ], [ -121.40221262499972, 46.593711718000051 ], [ -121.402737455999983, 46.588416225000032 ], [ -121.405711208999961, 46.582342642000057 ], [ -121.415752327000362, 46.575874112000058 ], [ -121.419743023999914, 46.57640463300001 ], [ -121.421661185999895, 46.57319385200001 ], [ -121.424570371999522, 46.570283191000016 ], [ -121.421461888999517, 46.56517372600004 ], [ -121.415966265000165, 46.560691610000042 ], [ -121.414472688999979, 46.560293087000041 ], [ -121.412710079999513, 46.558666032000062 ], [ -121.412703193999647, 46.558255583000062 ], [ -121.4138555600003, 46.558045857000074 ], [ -121.415010697999804, 46.556405762000026 ], [ -121.41647119899956, 46.555374947000075 ], [ -121.41940479600018, 46.554128164000083 ], [ -121.420851347999758, 46.55228187700002 ], [ -121.420834137000284, 46.551262705000056 ], [ -121.417214019999847, 46.549259713000055 ], [ -121.416646334000305, 46.548238456000057 ], [ -121.419837767999582, 46.544747343000047 ], [ -121.430083069999881, 46.53916038400007 ], [ -121.451260526999604, 46.533889809000073 ], [ -121.454633241999659, 46.524076530000045 ], [ -121.454569035000077, 46.520407769 ], [ -121.455981373000157, 46.516726634000065 ], [ -121.455624722000294, 46.513263939000048 ], [ -121.450140226999878, 46.503524830000046 ], [ -121.42879045399998, 46.497992271000022 ], [ -121.426377017000021, 46.494954130000039 ], [ -121.425176087999645, 46.493740785000057 ], [ -121.423092317000098, 46.492738325000062 ], [ -121.423269622999797, 46.491602749000037 ], [ -121.435298730000355, 46.481997148000097 ], [ -121.435063417999601, 46.480312497000064 ], [ -121.436605596999684, 46.478398135000056 ], [ -121.436040374000086, 46.475938665000029 ], [ -121.434873866999595, 46.474579761000051 ], [ -121.425701744999898, 46.464123779000033 ], [ -121.414980092999926, 46.452387833000067 ], [ -121.407834212999646, 46.43069240100008 ], [ -121.39646952000038, 46.422390565000072 ], [ -121.393489489999922, 46.417574446000039 ], [ -121.390785652000361, 46.416001461000064 ], [ -121.388903746999645, 46.41292822000004 ], [ -121.386540480000093, 46.410963880000047 ], [ -121.387618384000035, 46.408248765000025 ], [ -121.391181013000377, 46.40499869500006 ], [ -121.388729805000281, 46.403100278000075 ], [ -121.388548560000359, 46.402065690000029 ], [ -121.389994704000401, 46.401289303000063 ], [ -121.391800801999636, 46.397312454000023 ], [ -121.393758815000297, 46.390038047000061 ], [ -121.443855208999778, 46.390983706 ], [ -121.466181795999859, 46.395741336000086 ], [ -121.485994578000401, 46.388625266000069 ], [ -121.522324142000215, 46.388625446000049 ], [ -121.522320531000034, 46.044004698 ], [ -121.427197527000118, 46.04434618600002 ], [ -121.365215664999724, 46.045102355000026 ], [ -121.111719117999684, 46.044205095000066 ], [ -120.801294872999563, 46.041012706000068 ], [ -120.59295760800012, 46.040762146000048 ], [ -120.562924682999522, 46.041685087000062 ], [ -120.240757705000121, 46.041276012000054 ], [ -120.114052579000258, 46.04167125 ], [ -119.928165429000401, 46.040296097000038 ], [ -119.865829184999924, 46.040856890000022 ], [ -119.86654125200036, 46.214564704000068 ], [ -119.873612248000143, 46.214595514000052 ], [ -119.872928234999762, 46.403681702000029 ], [ -119.874545437000194, 46.49025385100002 ], [ -119.874220635999606, 46.562757998000059 ], [ -119.87508333700022, 46.577298305000049 ], [ -119.874336681000401, 46.628369981000077 ], [ -119.895408998999557, 46.632387955000098 ], [ -119.899572885999902, 46.634200893000077 ], [ -119.903685261000362, 46.637463850000067 ], [ -119.918083724999576, 46.656212970000048 ], [ -119.945617230999815, 46.67439235500003 ], [ -119.949259764000203, 46.682522699000046 ], [ -119.956763455000285, 46.693395264000102 ], [ -119.968264589000057, 46.712781017000069 ], [ -119.972130809000106, 46.720257900000043 ], [ -119.973281376000443, 46.724137524000042 ], [ -119.973035622999703, 46.737124139000088 ], [ -120.0226024159996, 46.737429128 ], [ -120.149974186000136, 46.736149363000052 ], [ -120.509999948000115, 46.737944465000091 ], [ -120.509156673000106, 46.752139149000094 ], [ -120.508602316999557, 46.780948942000066 ], [ -120.508604740000223, 46.824860338000043 ], [ -120.551181111999639, 46.825495331000077 ], [ -120.633980912999604, 46.825774897000024 ], [ -120.634561841999925, 46.912128044000028 ], [ -120.814291262000154, 46.91097171600007 ], [ -121.02661982199956, 46.911306823000082 ], [ -121.04244241899984, 46.922152004000047 ], [ -121.068849795999597, 46.95846354500005 ], [ -121.089957174000119, 46.969293415000024 ], [ -121.090053896000242, 46.991005507000047 ], [ -121.100813501999724, 46.991021467000081 ], [ -121.105087356999519, 46.995509341000073 ], [ -121.111864128999841, 46.995151664000026 ], [ -121.11460555099994, 46.997287479000107 ], [ -121.116788218999673, 46.997151720000012 ], [ -121.120131150999725, 46.997894988000041 ], [ -121.12160909300006, 46.999209348000051 ], [ -121.123477990000197, 46.998968245000064 ], [ -121.12371506399964, 47.000061341000027 ], [ -121.122379499999639, 47.001719257000019 ], [ -121.122838398999619, 47.002935917000023 ], [ -121.12356474699962, 47.003704546000051 ], [ -121.12689521099972, 47.005053335000056 ], [ -121.127109649000033, 47.007297844000028 ], [ -121.131097409, 47.009641013000049 ], [ -121.133292328999715, 47.012217732000096 ], [ -121.134026422000105, 47.015330990000059 ], [ -121.134869543999955, 47.016456371000025 ], [ -121.138837875999641, 47.018681803000064 ], [ -121.141164145000261, 47.019006156000025 ], [ -121.142998257000286, 47.021854416000082 ], [ -121.151855804000135, 47.026870072000051 ], [ -121.159933242000363, 47.029775787000062 ], [ -121.165568857000281, 47.035494626000059 ], [ -121.189753298999761, 47.042447186000089 ], [ -121.209898523999598, 47.053225489000035 ], [ -121.218118685999798, 47.064957096000079 ], [ -121.229797281999794, 47.066839766000065 ], [ -121.274996541999514, 47.086225561000028 ] ] ] } },
{ "type": "Feature", "properties": { "psap_name": "UW PD" }, "geometry": { "type": "MultiPolygon", "coordinates": [ [ [ [ -122.311995824000164, 47.661256606000052 ], [ -122.312557337999664, 47.660970374000016 ], [ -122.319150430999557, 47.654350704000088 ], [ -122.312850948999554, 47.650502982000013 ], [ -122.286567701999857, 47.655176036000064 ], [ -122.311995824000164, 47.661256606000052 ] ] ], [ [ [ -122.295892774000322, 47.664556358000013 ], [ -122.298622198999794, 47.666066972000074 ], [ -122.300462788000317, 47.665609204000077 ], [ -122.300689759999756, 47.664918744000012 ], [ -122.295892774000322, 47.664556358000013 ] ] ] ] } },
{ "type": "Feature", "properties": { "psap_name": "ValleyCom" }, "geometry": { "type": "MultiPolygon", "coordinates": [ [ [ [ -121.961824724000337, 47.288374288000057 ], [ -121.964527382999705, 47.288927273000063 ], [ -121.961211194000199, 47.284852 ], [ -121.959338294000247, 47.288386831000039 ], [ -121.961824724000337, 47.288374288000057 ] ] ], [ [ [ -122.031690275000244, 47.286794254000057 ], [ -121.985181944999738, 47.30001298100008 ], [ -121.985309901999884, 47.318300145000109 ], [ -121.996125264999847, 47.329531679000077 ], [ -122.028078273999895, 47.329576953000043 ], [ -122.027103705999963, 47.343466271000061 ], [ -122.053945798000242, 47.339445516000097 ], [ -122.045978021000195, 47.336251853000057 ], [ -122.03968670399982, 47.325326451000073 ], [ -122.038375786999936, 47.286779820000028 ], [ -122.031690275000244, 47.286794254000057 ] ] ], [ [ [ -122.196336603999683, 47.539485346000035 ], [ -122.218833084000195, 47.500120115000108 ], [ -122.220913452, 47.497993116000039 ], [ -122.221058315999841, 47.497278379000093 ], [ -122.221800167000183, 47.495490584000017 ], [ -122.232213186000195, 47.480482362000032 ], [ -122.254305606000287, 47.478241443000051 ], [ -122.269265845000021, 47.495523900000087 ], [ -122.270308474000316, 47.495520348000092 ], [ -122.270079476999726, 47.509545379000045 ], [ -122.291308712000358, 47.513619501000022 ], [ -122.29259159799976, 47.515593092000096 ], [ -122.295702582000246, 47.519273052000067 ], [ -122.300056743999619, 47.521998425000064 ], [ -122.316405667999618, 47.531675009000033 ], [ -122.306878068000358, 47.522418091000098 ], [ -122.304439469999537, 47.519700089 ], [ -122.294728872000078, 47.500354619000078 ], [ -122.288454058000085, 47.466401760000025 ], [ -122.291901544999604, 47.459528394000046 ], [ -122.280837445000358, 47.456463060000011 ], [ -122.271360767000104, 47.45625235800005 ], [ -122.265445964000122, 47.438308931000073 ], [ -122.277941609999658, 47.421362976000083 ], [ -122.277824075000098, 47.41970293900004 ], [ -122.297857768000355, 47.411846584000031 ], [ -122.302524092999704, 47.408270726000069 ], [ -122.308509059000286, 47.415446235000054 ], [ -122.320330494999723, 47.416192294000027 ], [ -122.325112678000224, 47.431192227000047 ], [ -122.335768627000263, 47.431225223000069 ], [ -122.335224448000034, 47.416077577000074 ], [ -122.326979523000318, 47.408564744000039 ], [ -122.327427751000158, 47.40696300200009 ], [ -122.328933774000305, 47.406380086000055 ], [ -122.332050406000036, 47.404380726000056 ], [ -122.323760988000345, 47.350697991000068 ], [ -122.336838353000161, 47.34155004100009 ], [ -122.36790185299968, 47.335892196000046 ], [ -122.379083244999663, 47.32719190200001 ], [ -122.396484305, 47.328388329000077 ], [ -122.405908108, 47.321742391000022 ], [ -122.413069812000103, 47.321355225000019 ], [ -122.417846170000047, 47.320307756 ], [ -122.334845112999517, 47.263115172000042 ], [ -122.334928802999684, 47.25737192800009 ], [ -122.331375158000199, 47.257370335000047 ], [ -122.324082880000034, 47.26451861500005 ], [ -122.312314657000087, 47.260907444000082 ], [ -122.309505915000145, 47.263702518000038 ], [ -122.307870179999924, 47.263959301000092 ], [ -122.303543892999599, 47.264497909000049 ], [ -122.303238270999756, 47.26895908700002 ], [ -122.302483914999726, 47.289077070000083 ], [ -122.273558329999702, 47.304044115000096 ], [ -122.266240202999683, 47.303355512000032 ], [ -122.261775148000282, 47.268457779000052 ], [ -122.271540790000159, 47.257360752000089 ], [ -122.262229875000358, 47.257381909000088 ], [ -122.260024819000279, 47.25452752100005 ], [ -122.259170375000195, 47.251087467000069 ], [ -122.258562427000086, 47.250051807000034 ], [ -122.255424937999635, 47.242787999000029 ], [ -122.246110729999685, 47.242876447000086 ], [ -122.245142642999525, 47.250025936000064 ], [ -122.24497862800024, 47.257451531000058 ], [ -122.22938186299956, 47.257555817000025 ], [ -122.229782583, 47.257515281000046 ], [ -122.229417533000159, 47.251782690000041 ], [ -122.235207659999517, 47.250734551000058 ], [ -122.235068689999835, 47.250376343 ], [ -122.229331323999958, 47.250137513000062 ], [ -122.229112738000126, 47.246396300000093 ], [ -122.224245553999907, 47.242690671000048 ], [ -122.218879491000123, 47.241742893000037 ], [ -122.208549885000238, 47.241660559000081 ], [ -122.208518723999816, 47.240832111000032 ], [ -122.203303312999793, 47.240998820000073 ], [ -122.203346884000396, 47.242850291000074 ], [ -122.195450939999603, 47.243237178000065 ], [ -122.186982837000016, 47.254007632000047 ], [ -122.2083305069998, 47.253740913000051 ], [ -122.2083124910002, 47.257364512 ], [ -122.14461537299988, 47.257395097000035 ], [ -122.146719049999561, 47.259104606000051 ], [ -122.148090103000342, 47.25884266200007 ], [ -122.154046455000113, 47.263085670000073 ], [ -122.144562013999945, 47.284026620000098 ], [ -122.171127823999839, 47.286383695000012 ], [ -122.181481029000039, 47.300582826000038 ], [ -122.195251378999643, 47.301454330000034 ], [ -122.197584232999887, 47.303757304000051 ], [ -122.201186322999916, 47.306275466000066 ], [ -122.176363435999576, 47.308048647000092 ], [ -122.12931972099976, 47.358031721000032 ], [ -122.144114689999938, 47.368827687000064 ], [ -122.144444245000045, 47.385853095000058 ], [ -122.159998395999665, 47.401389334000051 ], [ -122.158841942999516, 47.415937724000067 ], [ -122.174728600999856, 47.429396455000052 ], [ -122.170217866999678, 47.446346308000031 ], [ -122.153773771000402, 47.459026857000019 ], [ -122.153535537999915, 47.473974794000092 ], [ -122.120298337000079, 47.483566609000015 ], [ -122.121149637999778, 47.484488890000051 ], [ -122.137626854999496, 47.483353444000045 ], [ -122.143331396000121, 47.51225097500005 ], [ -122.158896795000359, 47.5187856410001 ], [ -122.170002151000404, 47.51238956400001 ], [ -122.16993839699964, 47.510501717000061 ], [ -122.187456486999878, 47.52204251200002 ], [ -122.191165842999965, 47.525081588000027 ], [ -122.194123702999633, 47.538690638000055 ], [ -122.196336603999683, 47.539485346000035 ] ], [ [ -122.265758985999682, 47.375833412000077 ], [ -122.257869768999683, 47.378858768000029 ], [ -122.256431221999875, 47.371431129000051 ], [ -122.249563035999842, 47.347137171000043 ], [ -122.270738200000324, 47.343394064000016 ], [ -122.270871562000039, 47.315111550000069 ], [ -122.286547076999838, 47.315041247000032 ], [ -122.286588686999735, 47.316855268000047 ], [ -122.295438330000081, 47.316821466000107 ], [ -122.291954983000039, 47.345893256000039 ], [ -122.271664228999981, 47.357850600000027 ], [ -122.265758985999682, 47.375833412000077 ] ], [ [ -122.240074430000362, 47.368635755000078 ], [ -122.23409895499988, 47.368886542000041 ], [ -122.236752973999558, 47.362876202000031 ], [ -122.235157161999922, 47.362035550000016 ], [ -122.227103051999862, 47.361581842000092 ], [ -122.227258158000424, 47.368079550000068 ], [ -122.221881813999602, 47.367985197000067 ], [ -122.212726703000286, 47.36799884200007 ], [ -122.207336045000304, 47.361677554000018 ], [ -122.239110295999765, 47.353603165000031 ], [ -122.240074430000362, 47.368635755000078 ] ], [ [ -122.225430891000258, 47.28195454100004 ], [ -122.225003797000284, 47.282748778000041 ], [ -122.2240832829998, 47.28276065600005 ], [ -122.224713117000135, 47.279480378000052 ], [ -122.225430891000258, 47.28195454100004 ] ] ] ] } },
{ "type": "Feature", "properties": { "psap_name": "WSP Tacoma" }, "geometry": { "type": "Polygon", "coordinates": [ [ [ -122.62591831399962, 47.403518267000045 ], [ -122.626286312999724, 47.398583769 ], [ -122.625458710000046, 47.398704927000054 ], [ -122.624881596999955, 47.401783195000085 ], [ -122.618571722999476, 47.392704717000079 ], [ -122.616473273999858, 47.387351581000068 ], [ -122.619306739999843, 47.372063893000089 ], [ -122.616453649999727, 47.3583275330001 ], [ -122.603718255000203, 47.334971357000029 ], [ -122.56206244, 47.288177372000035 ], [ -122.561487204999864, 47.279952671000025 ], [ -122.562239812999636, 47.279784383000042 ], [ -122.561322097999579, 47.27691584400003 ], [ -122.560063425999701, 47.274948677000026 ], [ -122.542923537, 47.261195422000092 ], [ -122.538261932999646, 47.258057603000083 ], [ -122.528127734000321, 47.258327270000066 ], [ -122.518334213000287, 47.25760944400006 ], [ -122.505020845000317, 47.240225012000053 ], [ -122.496213817999802, 47.234314433000051 ], [ -122.469499910000323, 47.234578037000055 ], [ -122.464402212000124, 47.229811317000028 ], [ -122.464691974000203, 47.223793020000059 ], [ -122.466001599999743, 47.22225825700005 ], [ -122.463639032999794, 47.188588243000012 ], [ -122.465683354000362, 47.180301058000069 ], [ -122.466937090000286, 47.181135215 ], [ -122.478283771999983, 47.165631805000039 ], [ -122.482717971000383, 47.163607818000031 ], [ -122.499392153999878, 47.150484708000079 ], [ -122.506564328000238, 47.146660392000058 ], [ -122.521727914999886, 47.139446609000053 ], [ -122.527310827000022, 47.136730181000082 ], [ -122.585076480000041, 47.105880777000039 ], [ -122.589461049999599, 47.10598241900005 ], [ -122.606994253000181, 47.100565556000035 ], [ -122.620176718000181, 47.094457721000047 ], [ -122.636240855000423, 47.090211139000104 ], [ -122.640771063, 47.089451532000062 ], [ -122.648662882999673, 47.087590207000048 ], [ -122.675330919999766, 47.08237318700003 ], [ -122.699702785999719, 47.073630341000033 ], [ -122.704047831999759, 47.071870829000041 ], [ -122.703673520999942, 47.071456022000035 ], [ -122.688417020999836, 47.077311494000107 ], [ -122.676276184000244, 47.080858027000069 ], [ -122.669798398999944, 47.081833811000081 ], [ -122.629869069000094, 47.09107269800004 ], [ -122.587091883, 47.102418098000051 ], [ -122.580079916999836, 47.107258514000073 ], [ -122.561131399000246, 47.115811969000042 ], [ -122.530325723999738, 47.133907483000058 ], [ -122.520603583000124, 47.138848505000063 ], [ -122.508718394999576, 47.144394703000032 ], [ -122.502254164000405, 47.147683372000088 ], [ -122.483223262000166, 47.158948075000069 ], [ -122.477139826999959, 47.161937214 ], [ -122.464423188999604, 47.158783855000088 ], [ -122.357429742000122, 47.157080512000057 ], [ -122.296994808000164, 47.159776432000058 ], [ -122.296230945999937, 47.176834838000033 ], [ -122.283396754999643, 47.18237356 ], [ -122.276092370999962, 47.201431229000057 ], [ -122.251594527999913, 47.199912402000081 ], [ -122.254486643999584, 47.201864617000069 ], [ -122.254328356000116, 47.202367570000014 ], [ -122.249092033999844, 47.204689917000074 ], [ -122.246700760000095, 47.207565371000037 ], [ -122.24645401800008, 47.222365623000059 ], [ -122.249965919999553, 47.233245243000063 ], [ -122.250510513000023, 47.236332517000029 ], [ -122.252497774999881, 47.238921687000072 ], [ -122.254444221000114, 47.242961436000051 ], [ -122.255708649000084, 47.242901693000071 ], [ -122.254158657999682, 47.232652577000067 ], [ -122.250937462000238, 47.231713380000059 ], [ -122.249477305000397, 47.205656282000071 ], [ -122.272060691000362, 47.202137189000027 ], [ -122.278916709999876, 47.203003972000012 ], [ -122.293633090999521, 47.205459740000016 ], [ -122.294268723999622, 47.203522861000046 ], [ -122.292828058999646, 47.202954406000089 ], [ -122.292684029000156, 47.203531347000087 ], [ -122.283629225000297, 47.189074816000058 ], [ -122.28363927299992, 47.187731080000056 ], [ -122.297526547000047, 47.176267583000055 ], [ -122.299007159, 47.161623765000051 ], [ -122.298021262999967, 47.161291815000041 ], [ -122.307765658999898, 47.159345988000041 ], [ -122.309477051000016, 47.159436222000025 ], [ -122.312273648999877, 47.159189234000088 ], [ -122.357165580000355, 47.159114522000046 ], [ -122.457463982000206, 47.158814933000059 ], [ -122.46764636400016, 47.160494082000099 ], [ -122.466529258999842, 47.175676300000092 ], [ -122.460714801999657, 47.190832679000017 ], [ -122.464565327999594, 47.235998229000081 ], [ -122.498174064000281, 47.235936650000049 ], [ -122.515643913999966, 47.258478698000012 ], [ -122.535526441999565, 47.259144031000048 ], [ -122.538443319999885, 47.259693279000011 ], [ -122.558986582000102, 47.275769163000092 ], [ -122.561041952000167, 47.288493871000036 ], [ -122.601878493000356, 47.334277531000041 ], [ -122.618374607999755, 47.371374071000055 ], [ -122.615574864999886, 47.388396665000094 ], [ -122.624057371000163, 47.402639508000028 ], [ -122.623225619000166, 47.403500791000063 ], [ -122.62591831399962, 47.403518267000045 ] ] ] } }
]
}
